129.19,52.128,0,0,0
174.57,52.939,0,0,0
133.23,35.1,0,0,0
133.93,48.483,11.1,3,0
85.708,32.148,0,0,0
142.78,40.047,0,0,0
136.17,41.953,0,0,0
101.31,41.921,7.4,2,0
111.43,29.585,0,0,0
125.56,17.939,3.7,1,0
29.786,35.793,3.7,1,0
97.91800000000001,40.417,11.1,3,0
26.137,19.278,0,0,0
120.53,29.673,3.7,1,0
77.233,38.534,3.7,1,0
109.37,51.493,0,0,0
79.13200000000001,34.712,0,0,0
27.252,40.596,0,0,0
97.342,24.715,3.7,1,0
26.655,34.289,0,0,0
122.69,44.338,0,0,0
22.425,34.189,0,0,0
59.123,7.2763,0,0,0
39.446,35.269,3.7,1,0
38.363,42.825,0,0,0
51.229,38.144,3.7,1,0
108.91,48.518,7.4,2,0
73.18899999999999,60.186,7.4,2,0
80.033,39.983,3.7,1,0
120.34,44.55,7.4,2,0
83.13200000000001,31.948,0,0,0
174.07,52.716,0,0,0
10.679,40.463,0,0,0
95.086,40.172,11.1,3,0
105.82,31.368,0,0,0
125.98,29.473,0,0,0
79.254,28.126,0,0,0
101.41,43.994,11.1,3,0
21.811,38.178,0,0,0
136.65,53.197,0,0,0
119.99,46.066,0,0,0
124.79,30.019,0,0,0
57.379,29.664,0,0,0
64.095,24.883,0,0,0
107.26,52.463,7.4,2,0
110.88,50.668,3.7,1,0
61.118,29.541,0,0,0
23.849,42.468,0,0,0
122.59,23.433,3.7,1,0
115.98,41.865,7.4,2,0
103.87,27.512,3.7,1,0
67.898,27.903,0,0,0
124.47,35.713,3.7,1,0
106.39,9.3813,0,0,0
79.55800000000001,44.473,0,0,0
137.14,33.662,3.7,1,0
143.36,49.843,7.4,2,0
69.98399999999999,43.872,7.4,2,0
108.3,30.198,0,0,0
77.441,38.556,7.4,2,0
71.18899999999999,22.42,3.7,1,0
143.5,21.749,0,0,0
19.037,40.875,0,0,0
137.34,51.336,11.1,3,0
147.08,44.449,3.7,1,0
18.968,20.371,0,0,0
55.235,6.9532,0,0,0
134.97,60.552,0,0,0
115.64,52.529,0,0,0
21,32.272,3.7,1,0
83.84699999999999,26.822,0,0,0
94.024,24.548,3.7,1,0
55.773,30.165,3.7,1,0
29.391,18.777,0,0,0
42.508,21.106,0,0,0
78.678,39.938,7.4,2,0
105.78,22.308,0,0,0
131.9,47.726,0,0,0
106.72,60.33,3.7,1,0
13.826,36.518,0,0,0
73.16800000000001,60.665,11.1,3,0
128.64,31.278,0,0,0
15.688,42.279,0,0,0
24.244,33.854,0,0,0
110.77,47.559,11.1,3,0
69.589,38.3,3.7,1,0
137.94,54.902,7.4,2,0
41.969,42.056,0,0,0
34.65,3.2426,0,0,0
60.291,37.119,11.1,3,0
41.414,35.437,3.7,1,0
150.73,41.362,0,0,0
112.47,25.071,0,0,0
3.8192,55.752,0,0,0
94.76600000000001,22.353,0,0,0
63.679,36.194,7.4,2,0
137.47,28.859,0,0,0
55.992,13.74,3.7,1,0
40.79,36.339,0,0,0
143.35,23.087,0,0,0
106.45,42.578,11.1,3,0
145.28,47.19,0,0,0
90.749,22.086,0,0,0
25.977,19.602,0,0,0
79.062,47.114,11.1,3,0
90.595,9.8498,0,0,0
75.94199999999999,39.793,11.1,3,0
63.524,37.398,11.1,3,0
40.747,35.381,3.7,1,0
50.674,36.506,0,0,0
136.23,35.98,0,0,0
46.647,19.735,0,0,0
145.64,46.923,11.1,3,0
138.43,54.668,11.1,3,0
78.155,40.874,11.1,3,0
150.48,31.088,0,0,0
91.14400000000001,47.036,0,0,0
94.83,21.495,3.7,1,0
68.54300000000001,37.943,7.4,2,0
113.68,56.931,0,0,0
103.88,60.609,7.4,2,0
21.534,32.328,3.7,1,0
125.1,17.46,3.7,1,0
133.81,37.607,3.7,1,0
64.30800000000001,20.515,3.7,1,0
78.491,46.981,0,0,0
136.09,27.99,0,0,0
142.25,37.495,3.7,1,0
59.539,32.361,0,0,0
87.639,28.504,0,0,0
129.43,25.65,0,0,0
111.97,23.467,3.7,1,0
139.09,54.668,11.1,3,0
106.27,22.531,3.7,1,0
16.85,27.424,0,0,0
85.09999999999999,39.258,3.7,1,0
150.3,31.5,0,0,0
111.96,10.629,0,0,0
123.66,28.938,3.7,1,0
104.52,16.279,0,0,0
72.288,62.37,7.4,2,0
120.33,14.228,0,0,0
135.5,55.849,0,0,0
60.563,26.042,0,0,0
67.023,27.825,0,0,0
65.658,17.149,3.7,1,0
74.70999999999999,23.312,0,0,0
120.07,21.851,3.7,1,0
32.698,33.286,3.7,1,0
102.33,28.248,3.7,1,0
110.48,42.244,7.4,2,0
150.05,22.217,0,0,0
121.19,45.676,11.1,3,0
79.697,37.642,3.7,1,0
141.69,35.713,3.7,1,0
87.794,45.61,0,0,0
79.708,44.117,0,0,0
113.06,45.609,3.7,1,0
127.17,27.166,0,0,0
103.7,30.053,0,0,0
118.97,24.313,3.7,1,0
133.81,56.34,0,0,0
75.17400000000001,38.4,7.4,2,0
79.73399999999999,44.262,7.4,2,0
40.326,44.363,0,0,0
33.221,3.1201,0,0,0
121.38,43.135,11.1,3,0
65.658,36.395,3.7,1,0
44.849,35.737,3.7,1,0
75.63800000000001,27.736,0,0,0
146.9,20.802,0,0,0
117.45,25.372,3.7,1,0
64.735,37.297,0,0,0
20.659,34.01,0,0,0
153.33,20.69,0,0,0
121.69,38.165,3.7,1,0
109.3,49.131,11.1,3,0
87.81,20.86,3.7,1,0
157.09,43.746,0,0,0
142.69,56.986,11.1,3,0
129.06,52.406,0,0,0
125.59,14.852,0,0,0
25.961,34.122,3.7,1,0
97.956,23.991,3.7,1,0
18.381,29.72,0,0,0
58.905,35.871,7.4,2,0
137.91,21.716,0,0,0
45.66,19.367,3.7,1,0
77.041,51.773,11.1,3,0
151.8,24.19,0,0,0
38,36.774,0,0,0
143.58,29.26,0,0,0
79.057,45.911,7.4,2,0
19.518,36.618,0,0,0
96.83,24.682,3.7,1,0
144.74,55.414,0,0,0
21.091,50.269,0,0,0
139.59,28.57,0,0,0
25.652,39.928,0,0,0
128.58,10.718,0,0,0
150.81,19.91,0,0,0
24.868,2.3958,0,0,0
37.429,43.126,0,0,0
147.2,38.732,3.7,1,0
28.836,35.303,3.7,1,0
144.84,48.249,0,0,0
45.612,17.629,3.7,1,0
131.5,22.931,0,0,0
140.83,47.413,7.4,2,0
105.33,31.446,0,0,0
59.39,34.155,0,0,0
82.476,28.482,0,0,0
131.08,18.44,0,0,0
80.492,29.073,0,0,0
137.52,58.312,11.1,3,0
109.54,51.103,0,0,0
119.12,25.194,3.7,1,0
80.43300000000001,20.203,3.7,1,0
137.62,37.607,3.7,1,0
130.36,51.091,0,0,0
80.977,46.19,3.7,1,0
39.398,39.147,0,0,0
80.172,29.117,0,0,0
67.861,20.827,3.7,1,0
83.13200000000001,29.285,0,0,0
114.55,29.963,0,0,0
56.686,38.256,0,0,0
55.64,19.155,3.7,1,0
112.62,19.232,0,0,0
19.742,33.409,0,0,0
84.54000000000001,51.594,0,0,0
21.63,33.598,0,0,0
131.01,69.411,0,0,0
41.51,34.255,0,0,0
135.04,55.359,0,0,0
15.085,42,0,0,0
68.18600000000001,47.638,0,0,0
18.211,29.687,0,0,0
126.96,29.829,3.7,1,0
75.616,56.486,0,0,0
144.74,50.188,3.7,1,0
97.337,40.361,11.1,3,0
71.536,64.209,7.4,2,0
87.021,40.807,11.1,3,0
53.811,23.892,0,0,0
81.45699999999999,41.621,11.1,3,0
148.14,36.671,0,0,0
118.97,26.475,3.7,1,0
114,24.135,3.7,1,0
143.93,46.812,3.7,1,0
122.77,17.627,3.7,1,0
105.31,40.461,7.4,2,0
75.76000000000001,36.249,0,0,0
65.764,59.986,0,0,0
110.94,43.013,11.1,3,0
81.372,40.272,7.4,2,0
135.85,38.488,3.7,1,0
80.369,44.117,11.1,3,0
95.87,25.027,0,0,0
105.81,59.773,0,0,0
97.598,23.467,3.7,1,0
45.207,23,0,0,0
135.65,43.045,0,0,0
93.91200000000001,30.254,0,0,0
134.57,46.154,7.4,2,0
76.73099999999999,33.029,0,0,0
108.76,43.581,11.1,3,0
107.8,22.698,0,0,0
104.2,10.964,0,0,0
107.54,53.889,0,0,0
20.782,20.426,0,0,0
95.705,26.253,0,0,0
22.441,15.3,0,0,0
131.99,45.976,0,0,0
69.48699999999999,39.203,7.4,2,0
132.71,55.894,0,0,0
125.85,48.673,0,0,0
41.377,18.989,3.7,1,0
74.21299999999999,28.884,0,0,0
95.886,69.691,0,0,0
130.23,27.979,0,0,0
57.454,13.918,3.7,1,0
74.107,62.014,3.7,1,0
96.286,20.191,0,0,0
111.93,41.118,0,0,0
18.189,39.638,0,0,0
92.80800000000001,39.57,0,0,0
161.12,47.167,0,0,0
145.16,25.583,0,0,0
143.94,40.304,3.7,1,0
107.42,39.146,7.4,2,0
130.81,59.861,0,0,0
101.6,51.527,0,0,0
133.21,43.302,0,0,0
133.93,49.81,11.1,3,0
78.76300000000001,48.563,3.7,1,0
104.02,29.005,3.7,1,0
32.378,62.772,0,0,0
46.924,63.875,0,0,0
99.812,40.082,7.4,2,0
137.91,50.166,11.1,3,0
106.99,55.193,0,0,0
70.95399999999999,17.617,3.7,1,0
57.587,38.545,11.1,3,0
53.586,20.069,3.7,1,0
22.105,34.088,3.7,1,0
105.73,22.475,3.7,1,0
57.688,13.951,3.7,1,0
121.61,39.38,3.7,1,0
127.87,53.097,0,0,0
127.91,36.337,0,0,0
49.202,37.498,0,0,0
81.548,58.314,0,0,0
103.16,40.974,7.4,2,0
21.859,33.776,3.7,1,0
80.982,23.234,3.7,1,0
145.44,38.097,0,0,0
12.252,40.674,0,0,0
126.91,46.667,11.1,3,0
93.928,42.345,11.1,3,0
90.136,39.358,0,0,0
28.121,17.819,3.7,1,0
116.1,26.163,3.7,1,0
21.059,16.036,0,0,0
102.94,66.437,0,0,0
140.42,23.265,0,0,0
51.581,35.158,0,0,0
128.59,43.736,7.4,2,0
126.15,31.947,0,0,0
101.16,43.893,11.1,3,0
147.99,40.794,0,0,0
133.78,67.038,7.4,2,0
103.52,63.974,7.4,2,0
144.59,52.339,0,0,0
84.946,41.431,11.1,3,0
104.93,70.036,0,0,0
98.09399999999999,39.993,0,0,0
83.596,7.4318,0,0,0
27.295,22.298,0,0,0
98.622,24.771,3.7,1,0
71.08799999999999,41.32,7.4,2,0
119.28,29.908,0,0,0
22.91,8.145899999999999,0,0,0
77.297,6.8859,0,0,0
109.62,50.356,11.1,3,0
45.196,4.1451,0,0,0
107.12,54.279,11.1,3,0
38.795,36.662,3.7,1,0
6.5183,49.734,0,0,0
14.962,38.1,0,0,0
118.84,25.361,3.7,1,0
84.29000000000001,34.132,0,0,0
32.101,35.169,0,0,0
85.479,15.834,0,0,0
132.82,37.184,3.7,1,0
135.71,61.053,11.1,3,0
21.336,42.435,0,0,0
87.61799999999999,15.399,0,0,0
107.99,59.929,3.7,1,0
110.22,42.144,7.4,2,0
138.44,49.063,0,0,0
151.13,20.055,0,0,0
134.6,56.407,0,0,0
73.312,63.841,3.7,1,0
105.57,26.453,0,0,0
65.652,18.866,3.7,1,0
147.86,23.655,0,0,0
104.57,58.937,7.4,2,0
113.19,25.918,3.7,1,0
62.596,32.115,0,0,0
109.43,22.152,0,0,0
78.95,33.307,0,0,0
29.135,34.345,0,0,0
74.95999999999999,39.704,11.1,3,0
130.36,63.806,0,0,0
134.33,55.237,0,0,0
122.89,33.574,3.7,1,0
55.789,37.019,0,0,0
97.849,24.738,3.7,1,0
107.4,25.996,0,0,0
143.62,42.365,3.7,1,0
127.88,40.171,0,0,0
71.84,38.122,11.1,3,0
111.75,51.047,3.7,1,0
152.22,21.649,0,0,0
105.46,28.805,0,0,0
121.84,41.809,0,0,0
108.51,51.014,11.1,3,0
44.801,65.458,0,0,0
140.71,36.86,3.7,1,0
145.98,41.741,3.7,1,0
151.9,27.7,0,0,0
120.99,45.564,11.1,3,0
50.695,21.741,0,0,0
12.444,36.529,0,0,0
139.19,47.324,0,0,0
70.501,23.992,0,0,0
58.046,38.144,11.1,3,0
125.72,17.961,3.7,1,0
85.42,40.662,11.1,3,0
128.81,42.109,0,0,0
102.11,26.91,3.7,1,0
36.267,33.598,3.7,1,0
53.122,36.439,3.7,1,0
18.083,35.147,0,0,0
57.032,33.921,0,0,0
125.85,49.086,0,0,0
121.16,38.232,0,0,0
31.535,34.946,0,0,0
109.92,9.6821,0,0,0
103.02,45.509,7.4,2,0
122.04,38.7,3.7,1,0
119.65,41.686,0,0,0
100.77,41.453,7.4,2,0
22.681,33.698,0,0,0
173.11,52.304,0,0,0
143,17.136,0,0,0
123.86,51.325,0,0,0
53.309,18.242,3.7,1,0
128.54,62.469,0,0,0
133.8,64.854,7.4,2,0
79.05200000000001,22.632,0,0,0
106.84,30.532,0,0,0
67.023,37.843,7.4,2,0
110.25,48.819,11.1,3,0
87.378,27.178,0,0,0
32.517,18.989,0,0,0
57.464,28.672,0,0,0
71.312,39.37,11.1,3,0
146.52,40.404,3.7,1,0
102.05,64.999,7.4,2,0
95.523,30.566,0,0,0
80.20399999999999,44.496,11.1,3,0
78.273,26.231,3.7,1,0
70.426,38.69,3.7,1,0
95.001,41.542,11.1,3,0
21.107,36.15,0,0,0
126.98,72.509,0,0,0
132.72,45.909,0,0,0
40.054,35.448,0,0,0
103.8,22.932,0,0,0
123.37,14.585,0,0,0
71.312,19.378,3.7,1,0
134.75,44.929,0,0,0
80.14,22.721,0,0,0
116.03,40.862,3.7,1,0
84.78,36.338,0,0,0
114.61,22.865,3.7,1,0
33.114,22.432,0,0,0
79.633,25.808,3.7,1,0
143.19,48.639,3.7,1,0
105.7,70.371,0,0,0
73.95699999999999,8.4907,0,0,0
72.68300000000001,25.741,0,0,0
133.37,12.723,0,0,0
27.135,34.512,0,0,0
89.44799999999999,39.67,11.1,3,0
41.27,5.8056,0,0,0
104.25,18.764,0,0,0
140.8,43.602,0,0,0
93.44799999999999,38.199,7.4,2,0
55.235,18.387,3.7,1,0
109.94,49.588,11.1,3,0
28.623,2.7189,0,0,0
146.12,24.279,0,0,0
134.23,46.021,7.4,2,0
36.229,36.551,3.7,1,0
57.902,17.841,0,0,0
99.001,8.7464,0,0,0
109.47,21.784,0,0,0
40.641,66.917,0,0,0
164.64,48.683,0,0,0
72.31999999999999,27.368,0,0,0
145.33,33.16,3.7,1,0
87.565,15.901,0,0,0
119.94,38.689,3.7,1,0
66.05200000000001,20.66,3.7,1,0
108.47,51.716,0,0,0
19.107,18.766,0,0,0
78.715,51.394,3.7,1,0
108.49,22.62,3.7,1,0
96.67,70.03700000000001,0,0,0
111.76,12.345,0,0,0
95.651,40.216,11.1,3,0
110.98,45.163,11.1,3,0
105.58,56.508,7.4,2,0
20.318,4.6023,0,0,0
29.626,16.381,3.7,1,0
41.931,21.061,0,0,0
108.19,59.483,3.7,1,0
143.83,28.681,0,0,0
138.91,26.842,0,0,0
32.341,18.186,3.7,1,0
71.898,64.599,3.7,1,0
48.962,36.339,0,0,0
151.54,28.558,0,0,0
131.24,25.606,0,0,0
142.6,18.139,0,0,0
53.843,23.502,0,0,0
29.263,32.996,3.7,1,0
135.03,34.03,0,0,0
57.395,5.1813,0,0,0
40.811,44.708,0,0,0
144.87,44.482,3.7,1,0
173.41,50.788,0,0,0
36.635,52.91,0,0,0
86.205,28.36,0,0,0
80.68899999999999,28.282,0,0,0
39.92,37.075,3.7,1,0
114.91,27.746,0,0,0
119.72,27.779,0,0,0
132.87,69.188,11.1,3,0
103.69,29.485,3.7,1,0
121.66,25.216,0,0,0
81.687,39.503,7.4,2,0
112.5,24.793,3.7,1,0
147.25,40.426,0,0,0
132.23,59.772,0,0,0
143.71,54.367,0,0,0
108.55,40.193,3.7,1,0
135.84,20.78,0,0,0
126.36,10.54,0,0,0
141.9,49.285,7.4,2,0
21.214,13.573,0,0,0
122.1,39.558,3.7,1,0
141.24,29.662,0,0,0
144.59,50.545,3.7,1,0
122.86,29.25,0,0,0
78.619,41.075,11.1,3,0
74.539,27.613,0,0,0
86.26300000000001,7.6546,0,0,0
66.05800000000001,59.295,0,0,0
67.962,54.782,0,0,0
77.563,49.176,0,0,0
136.58,35.222,0,0,0
63.785,64.67700000000001,0,0,0
128.45,38.889,0,0,0
51.496,53.601,0,0,0
133.02,45.263,0,0,0
142.36,27.21,0,0,0
42.721,40.173,0,0,0
126.59,67.194,0,0,0
96.96299999999999,41.72,11.1,3,0
139.31,46.756,7.4,2,0
57.187,32.049,0,0,0
88.669,28.616,0,0,0
68.75700000000001,6.1618,0,0,0
121.8,36.36,3.7,1,0
56.142,13.762,3.7,1,0
61.55,23.178,0,0,0
113.48,24.815,0,0,0
126.86,34.866,0,0,0
90.669,39.782,11.1,3,0
149.53,24.379,0,0,0
59.342,17.996,0,0,0
31.322,33.342,0,0,0
96.995,24.693,3.7,1,0
40.251,38.824,0,0,0
24.948,41.532,0,0,0
74.277,17.918,3.7,1,0
46.663,17.718,3.7,1,0
133.02,25.494,0,0,0
79.878,48.73,3.7,1,0
25.236,35.414,0,0,0
81.697,33.865,0,0,0
114.37,41.163,7.4,2,0
83.217,38.946,7.4,2,0
107.34,26.409,0,0,0
15.106,30.589,0,0,0
77.27500000000001,50.235,7.4,2,0
121.58,39.781,3.7,1,0
63.753,7.6551,0,0,0
148.41,18.807,0,0,0
80.593,47.081,3.7,1,0
97.35299999999999,39.938,0,0,0
128.79,27.6,0,0,0
108.91,50.813,7.4,2,0
96.92100000000001,42.111,11.1,3,0
17.032,24.683,0,0,0
136.28,61.232,11.1,3,0
82.167,22.097,3.7,1,0
110.1,49.186,11.1,3,0
114.89,41.118,7.4,2,0
74.715,25.942,0,0,0
150.18,39.534,3.7,1,0
36.747,33.832,0,0,0
16.829,33.921,0,0,0
122.18,43.48,11.1,3,0
64.596,27.825,0,0,0
127.56,64.843,0,0,0
21.603,41.8,0,0,0
103.86,29.017,0,0,0
143.5,40.114,3.7,1,0
100.43,26.699,0,0,0
90.95699999999999,38.032,7.4,2,0
108.44,25.528,3.7,1,0
108.76,51.181,7.4,2,0
75.584,38.378,3.7,1,0
46.023,23.056,0,0,0
144.34,48.773,7.4,2,0
124.92,34.744,0,0,0
95.43300000000001,24.615,3.7,1,0
34.213,24.293,0,0,0
33.285,24.193,0,0,0
138.7,56.574,0,0,0
135.57,47.648,0,0,0
30.762,33.297,0,0,0
142.18,19.209,0,0,0
20.195,33.453,0,0,0
36.571,22.699,0,0,0
69.18899999999999,23.869,0,0,0
112.04,44.484,11.1,3,0
23.123,36.339,0,0,0
68.71899999999999,27.959,0,0,0
100.87,24.893,3.7,1,0
132.93,15.153,0,0,0
141.79,23.711,0,0,0
77.798,66.727,0,0,0
72.501,60.643,11.1,3,0
23.017,38.423,0,0,0
98.79300000000001,57.6,0,0,0
85.95399999999999,40.718,11.1,3,0
39.403,24.638,0,0,0
145.92,48.873,11.1,3,0
112.47,42.121,7.4,2,0
62.921,26.287,0,0,0
63.791,35.525,0,0,0
123.2,31.713,3.7,1,0
118.64,24.213,0,0,0
111.08,40.416,3.7,1,0
118.9,46.044,7.4,2,0
137.68,46.633,0,0,0
120.86,44.762,7.4,2,0
122.53,35.145,0,0,0
145.66,22.697,0,0,0
110.46,27.813,0,0,0
108.67,51.259,0,0,0
109.79,9.983000000000001,0,0,0
110.86,22.62,3.7,1,0
110.55,46.813,7.4,2,0
78.02200000000001,48.095,0,0,0
130.32,34.487,3.7,1,0
113,58.424,0,0,0
75.446,39.749,11.1,3,0
59.881,35.938,7.4,2,0
37.557,22.744,0,0,0
57.358,21.663,3.7,1,0
78.006,39.983,11.1,3,0
140.21,44.962,0,0,0
101.19,41.81,7.4,2,0
39.936,20.047,0,0,0
34.538,19.189,0,0,0
140.75,35.924,0,0,0
140.87,35.623,0,0,0
150.05,43.446,0,0,0
41.558,36.049,0,0,0
40.47,22.699,0,0,0
134.64,34.32,3.7,1,0
27.209,19.345,0,0,0
144.37,35.267,3.7,1,0
143.91,50.054,7.4,2,0
58.451,26.611,3.7,1,0
145.86,24.168,0,0,0
2.5284,58.638,0,0,0
135.82,34.164,0,0,0
147.76,41.351,0,0,0
106.98,29.44,0,0,0
107.54,24.815,0,0,0
112.21,22.865,3.7,1,0
25.716,19.468,0,0,0
25.305,34.066,3.7,1,0
60.585,38.378,11.1,3,0
21.582,7.6779,0,0,0
72.08,60.376,7.4,2,0
69.765,17.517,3.7,1,0
132.86,15.543,0,0,0
79.137,34.489,0,0,0
56.36,7.0423,0,0,0
109.7,19.143,0,0,0
86.125,39.358,3.7,1,0
142.46,57.253,0,0,0
136.24,46.199,0,0,0
133.43,31.991,3.7,1,0
35.707,33.553,3.7,1,0
123.05,32.638,3.7,1,0
47.938,34.601,3.7,1,0
129.52,32.916,0,0,0
145.49,49.82,11.1,3,0
104.86,29.852,3.7,1,0
78.369,47.014,11.1,3,0
148.79,45.909,0,0,0
149.41,20.434,0,0,0
140.32,51.893,0,0,0
126.42,72.27500000000001,0,0,0
103.73,67.25,3.7,1,0
143.2,59.014,0,0,0
153.81,42.331,0,0,0
150.19,40.816,3.7,1,0
22.041,32.372,3.7,1,0
123.52,17.861,3.7,1,0
21.091,15.501,0,0,0
56.206,35.57,0,0,0
115.37,41.943,11.1,3,0
142.61,41.073,3.7,1,0
69.402,47.839,0,0,0
123.91,41.564,0,0,0
102.37,27.735,3.7,1,0
122.2,37.753,3.7,1,0
67.88200000000001,36.473,7.4,2,0
78.35299999999999,25.184,3.7,1,0
111.3,16.279,0,0,0
110.83,26.52,0,0,0
76.011,34.433,0,0,0
17.981,43.293,0,0,0
134.81,64.65300000000001,11.1,3,0
20.531,2.1172,0,0,0
67.146,39.036,3.7,1,0
123.41,23.5,3.7,1,0
63.433,23.345,0,0,0
90.376,39.436,7.4,2,0
136.13,61.577,11.1,3,0
83.602,40.161,3.7,1,0
137.56,55.203,0,0,0
67.642,22.119,3.7,1,0
124.24,31.256,0,0,0
123.59,10.306,0,0,0
149.77,24.479,0,0,0
115.54,42.088,3.7,1,0
114.69,23.288,3.7,1,0
104.36,68.532,3.7,1,0
64.809,23.479,0,0,0
137.93,58.312,0,0,0
114.7,54.647,0,0,0
41.878,34.077,3.7,1,0
32.89,20.259,0,0,0
109.15,49.498,11.1,3,0
84.396,28.17,0,0,0
90.49299999999999,24.649,0,0,0
85.80500000000001,11.99,0,0,0
107.08,22.798,3.7,1,0
143.55,51.291,0,0,0
112.2,42.768,7.4,2,0
115.93,43.96,11.1,3,0
75.76000000000001,53.923,7.4,2,0
113.34,47.281,3.7,1,0
76.87,52.976,3.7,1,0
109.38,49.677,7.4,2,0
110.69,41.631,3.7,1,0
17.251,29.441,0,0,0
146.53,47.859,0,0,0
123.11,50.011,0,0,0
101.68,23.5,3.7,1,0
152.48,20.679,0,0,0
52.354,51.662,0,0,0
140.13,32.08,0,0,0
76.79000000000001,32.004,0,0,0
109.58,40.751,7.4,2,0
138.28,55.036,11.1,3,0
20.243,5.4715,0,0,0
46.551,6.2401,0,0,0
148.67,21.593,0,0,0
137.44,30.319,0,0,0
54.989,37.453,0,0,0
121.37,37.786,0,0,0
67.82899999999999,38.98,7.4,2,0
102.15,28.66,3.7,1,0
21.326,35.66,0,0,0
104.13,23.188,3.7,1,0
131.33,17.337,0,0,0
131.88,14.952,0,0,0
110.85,45.475,11.1,3,0
112.59,24.559,0,0,0
130.09,58.68,0,0,0
133.02,53.119,0,0,0
102.23,29.518,3.7,1,0
89.16,14.374,0,0,0
120.98,38.655,0,0,0
71.584,8.290100000000001,0,0,0
20.051,7.7114,0,0,0
110.41,47.169,7.4,2,0
104.22,31.256,0,0,0
58.707,37.264,7.4,2,0
119.54,42.355,11.1,3,0
136.69,37.206,3.7,1,0
81.169,42.278,11.1,3,0
101.98,43.893,7.4,2,0
111.74,48.685,3.7,1,0
61.945,37.487,7.4,2,0
125.75,48.907,0,0,0
104.36,23.155,3.7,1,0
39.291,33.932,0,0,0
77.131,28.627,0,0,0
144.51,18.339,0,0,0
124.5,35.724,0,0,0
91.645,13.148,0,0,0
28.121,34.935,3.7,1,0
147.15,38.164,3.7,1,0
70.8,64.61,11.1,3,0
32.746,61.925,0,0,0
93.123,30.109,0,0,0
97.95,24.648,3.7,1,0
105.67,24.37,0,0,0
96.494,17.728,0,0,0
93.29900000000001,26.03,0,0,0
71.514,47.449,0,0,0
63.711,20.459,3.7,1,0
149.62,38.197,3.7,1,0
20.291,34.857,0,0,0
112.77,28.626,0,0,0
122.37,38.655,3.7,1,0
27.252,4.6579,0,0,0
143.46,42.153,3.7,1,0
61.449,36.016,3.7,1,0
129.7,45.653,0,0,0
143.74,47.268,3.7,1,0
19.272,16.838,0,0,0
63.695,37.219,0,0,0
140.23,37.128,0,0,0
26.921,32.785,3.7,1,0
60.051,36.918,0,0,0
104.28,61.545,0,0,0
89.95999999999999,37.965,7.4,2,0
107.79,22.709,3.7,1,0
58.291,18.576,0,0,0
128.39,27.478,0,0,0
142.13,58,0,0,0
55.779,37.821,0,0,0
58.286,37.242,7.4,2,0
20.408,34.579,0,0,0
118.23,45.765,7.4,2,0
118.37,42.344,3.7,1,0
62.532,23.267,0,0,0
24.452,38.412,0,0,0
91.005,19.545,0,0,0
142.82,20.134,0,0,0
64.61199999999999,62.727,0,0,0
130.69,63.093,0,0,0
90.52,24.381,0,0,0
78.56100000000001,49.031,3.7,1,0
107.25,40.082,3.7,1,0
75.158,54.481,11.1,3,0
66.735,18.966,3.7,1,0
150.4,22.373,0,0,0
108.25,53.666,11.1,3,0
99.599,40.561,11.1,3,0
75.45099999999999,53.801,11.1,3,0
130.45,47.001,11.1,3,0
108.03,41.297,11.1,3,0
68.77800000000001,39.136,11.1,3,0
117.85,9.837899999999999,0,0,0
131.42,16.947,0,0,0
110.36,64.331,0,0,0
70.31399999999999,41.041,11.1,3,0
59.299,35.258,0,0,0
102.71,27.624,0,0,0
82.236,28.46,0,0,0
55.784,17.328,3.7,1,0
123.66,37.641,0,0,0
151.98,21.537,0,0,0
42.721,36.896,0,0,0
83.095,20.436,3.7,1,0
137.15,29.517,0,0,0
96.45699999999999,41.676,11.1,3,0
140.32,31.679,0,0,0
23.31,43.716,0,0,0
69.64700000000001,23.914,0,0,0
83.986,37.564,7.4,2,0
110.86,20.057,0,0,0
122.5,35.936,3.7,1,0
86.322,29.585,0,0,0
74.491,61.133,3.7,1,0
87.714,14.408,0,0,0
136.06,60.229,11.1,3,0
101.43,26.699,0,0,0
76.422,53.188,11.1,3,0
145.9,22.797,0,0,0
144.43,38.409,3.7,1,0
70.44799999999999,39.325,7.4,2,0
102.82,45.944,7.4,2,0
131.4,51.938,0,0,0
16.941,26.043,0,0,0
111.99,43.102,11.1,3,0
136.23,50.846,11.1,3,0
102.46,25.094,3.7,1,0
79.79300000000001,24.103,3.7,1,0
131.39,68.542,0,0,0
123.19,17.85,3.7,1,0
39.243,36.83,3.7,1,0
16.877,42.636,0,0,0
21.656,34.902,0,0,0
130.37,21.549,0,0,0
15.864,40.685,0,0,0
132.41,70.26900000000001,11.1,3,0
21.022,43.182,0,0,0
24.505,40.964,0,0,0
127.76,66.21299999999999,0,0,0
138.13,48.673,7.4,2,0
41.745,35.648,0,0,0
68.202,40.406,11.1,3,0
152.43,26.441,0,0,0
100.49,24.86,3.7,1,0
118.99,29.763,0,0,0
142.6,50.467,11.1,3,0
100.99,48.429,0,0,0
84.95099999999999,50.669,0,0,0
107.77,51.259,7.4,2,0
73.328,38.166,3.7,1,0
20.872,19.056,0,0,0
77.47799999999999,39.938,11.1,3,0
126.64,29.74,0,0,0
83.22799999999999,34.021,0,0,0
90.413,14.474,0,0,0
82.721,28.504,0,0,0
129.2,41.196,0,0,0
73.461,59.997,11.1,3,0
32.65,24.126,0,0,0
118.15,44.027,11.1,3,0
58.499,26.131,3.7,1,0
105.33,25.93,3.7,1,0
47.628,21.507,0,0,0
143.74,21.861,0,0,0
133.45,66.369,11.1,3,0
111.22,45.264,0,0,0
78.89700000000001,50.981,3.7,1,0
69.503,40.796,11.1,3,0
52.669,20.337,0,0,0
105.88,11.109,0,0,0
78.60299999999999,48.173,11.1,3,0
74.752,27.635,0,0,0
60.046,37.364,7.4,2,0
130.03,43.068,0,0,0
79.489,27.357,3.7,1,0
41.819,19.033,3.7,1,0
53.859,18.275,3.7,1,0
76.411,27.814,0,0,0
91.50700000000001,47.192,0,0,0
17.811,43.672,0,0,0
105.84,65.033,3.7,1,0
61.502,37.464,7.4,2,0
126.65,39.212,0,0,0
68.383,53.79,0,0,0
55.437,31.592,0,0,0
35.146,24.416,0,0,0
62.612,45.165,0,0,0
102.09,50.279,0,0,0
139.13,17.069,0,0,0
132.08,30.331,0,0,0
127.52,18.017,3.7,1,0
142.53,49.531,7.4,2,0
113.09,26.932,0,0,0
106.03,61.935,3.7,1,0
130.48,54.245,0,0,0
108.05,54.569,0,0,0
138.03,28.926,0,0,0
24.169,41.733,0,0,0
134.14,41.262,0,0,0
150.98,21.114,0,0,0
79.036,38.456,0,0,0
132.66,44.516,0,0,0
79.69199999999999,38.512,0,0,0
49.821,17.963,3.7,1,0
116.95,49.61,0,0,0
59.203,14.141,3.7,1,0
39.707,24.661,0,0,0
79.34,43.348,7.4,2,0
64.5,28.705,0,0,0
126.13,40.405,0,0,0
87.303,22.554,3.7,1,0
76.512,51.338,11.1,3,0
123.86,37.173,0,0,0
143.97,53.186,11.1,3,0
133.04,35.646,3.7,1,0
22.425,33.821,3.7,1,0
82.465,42.768,3.7,1,0
23.47,34.646,0,0,0
114.38,22.843,3.7,1,0
23.123,38.156,0,0,0
69.786,39.225,11.1,3,0
79.633,8.958600000000001,0,0,0
144.59,55.749,0,0,0
88.104,45.744,0,0,0
142.04,49.029,3.7,1,0
137.2,51.916,0,0,0
133.98,57.889,0,0,0
13.053,38.245,0,0,0
39.43,19.958,0,0,0
91.133,18.241,0,0,0
42.097,34.3,0,0,0
99.38,24.804,3.7,1,0
22.318,17.195,0,0,0
132.62,49.397,0,0,0
30.495,4.9254,0,0,0
108.92,52.039,11.1,3,0
73.616,68.009,0,0,0
123.66,32.571,0,0,0
96.958,12.324,0,0,0
22.857,2.2287,0,0,0
131.68,67.88500000000001,0,0,0
122.81,37.207,3.7,1,0
36.469,19.49,0,0,0
126.25,68.03,0,0,0
146.17,41.251,3.7,1,0
78.17700000000001,47.727,0,0,0
74.19199999999999,59.239,3.7,1,0
71.664,63.083,0,0,0
73.504,68.24299999999999,0,0,0
120.96,49.03,0,0,0
90.483,39.381,0,0,0
94.563,39.715,0,0,0
41.371,35.169,0,0,0
73.568,40.15,7.4,2,0
21.71,5.6386,0,0,0
119.22,27.545,0,0,0
142.66,49.943,3.7,1,0
24.505,32.729,0,0,0
131.32,47.447,0,0,0
19.315,16.37,0,0,0
137.31,27.946,0,0,0
148.8,42.376,3.7,1,0
146.06,19.008,0,0,0
41.371,40.028,0,0,0
39.28,33.854,3.7,1,0
79.697,62.47,0,0,0
110.45,23.935,0,0,0
95.241,26.22,0,0,0
21.512,8.8146,0,0,0
91.736,38.701,3.7,1,0
140.76,50.667,7.4,2,0
133.03,58.045,0,0,0
23.177,4.0674,0,0,0
98.654,40.517,3.7,1,0
40.262,34.144,0,0,0
112.06,43.124,7.4,2,0
95.66200000000001,48.975,0,0,0
108.11,52.563,0,0,0
128.94,53.565,0,0,0
38.16,36.417,0,0,0
90.995,21.149,3.7,1,0
123.06,10.261,0,0,0
132.35,18.295,0,0,0
139.95,50.088,7.4,2,0
159.38,44.738,0,0,0
20.958,17.663,0,0,0
137.99,42.466,0,0,0
54.035,21.161,0,0,0
109.6,41.508,3.7,1,0
132,20.19,0,0,0
61.321,16.771,3.7,1,0
84.791,23.546,3.7,1,0
124.99,50.679,0,0,0
111.23,30.465,0,0,0
100.41,43.581,11.1,3,0
102.28,43.158,7.4,2,0
100.17,50.513,0,0,0
99.759,41.297,3.7,1,0
131.48,25.36,0,0,0
20.675,51.205,0,0,0
123.79,14.641,0,0,0
66.532,37.81,7.4,2,0
106,40.394,7.4,2,0
117.4,46.79,0,0,0
138.81,55.348,0,0,0
145.84,17.626,0,0,0
125.32,42.266,0,0,0
91.875,25.908,0,0,0
118.96,14.072,0,0,0
42.492,35.682,0,0,0
36.144,44.574,0,0,0
110.95,19.266,0,0,0
141.12,36.615,0,0,0
24.601,21.964,0,0,0
81.11,32.706,0,0,0
129.87,50.623,0,0,0
134.15,66.18000000000001,7.4,2,0
83.041,41.442,3.7,1,0
92.91500000000001,24.225,3.7,1,0
134.77,63.271,11.1,3,0
105.15,22.431,3.7,1,0
57.699,29.987,3.7,1,0
5.0674,52.977,0,0,0
107.43,40.751,0,0,0
32.282,42.847,0,0,0
55.32,23.256,3.7,1,0
110.99,41.04,0,0,0
23.214,33.754,0,0,0
17.549,29.52,0,0,0
136.15,59.192,7.4,2,0
128.26,22.029,0,0,0
57.795,28.215,3.7,1,0
138.77,27.177,0,0,0
103.84,27.746,3.7,1,0
102.03,23.099,0,0,0
23.427,18.799,0,0,0
136.7,45.218,0,0,0
144.69,37.774,0,0,0
131.53,61.265,0,0,0
126.77,66.759,0,0,0
136.39,27.221,0,0,0
57.758,25.073,0,0,0
114.25,31.858,0,0,0
135.2,54.969,0,0,0
144.17,19.565,0,0,0
104,22.319,3.7,1,0
70.97,24.036,0,0,0
25.449,23.145,0,0,0
126.32,28.793,3.7,1,0
46.583,36.005,3.7,1,0
106.39,11.142,0,0,0
100.48,71.68600000000001,0,0,0
70.821,66.06999999999999,11.1,3,0
23.251,2.875,0,0,0
20.318,37.955,0,0,0
138.76,50.534,11.1,3,0
131.65,70.593,11.1,3,0
80.39,42.657,7.4,2,0
123.4,33.15,0,0,0
125.68,49.498,0,0,0
112.32,21.305,0,0,0
81.18000000000001,31.937,0,0,0
36.976,3.432,0,0,0
141.93,48.227,0,0,0
142.9,52.785,11.1,3,0
18.648,41.766,0,0,0
112.76,43.614,0,0,0
99.07599999999999,21.874,3.7,1,0
55.016,45.689,0,0,0
33.717,35.816,0,0,0
147.99,38.543,3.7,1,0
135.23,47.536,7.4,2,0
104.62,31.29,0,0,0
92.381,29.006,0,0,0
124.66,43.77,0,0,0
149.44,44.393,0,0,0
120.08,36.538,3.7,1,0
31.567,16.526,3.7,1,0
21.55,8.2462,0,0,0
125.32,42.41,7.4,2,0
127.52,44.505,7.4,2,0
93.038,10.05,0,0,0
137.72,50.712,0,0,0
70.27200000000001,65.825,11.1,3,0
39.142,18.799,3.7,1,0
70.346,64.45399999999999,7.4,2,0
43.676,19.434,0,0,0
110.12,47.871,7.4,2,0
88.834,20.96,3.7,1,0
43.633,19.189,3.7,1,0
98.48399999999999,15.098,0,0,0
60.628,16.715,3.7,1,0
57.63,26.655,0,0,0
74.736,38.378,11.1,3,0
19.555,13.551,0,0,0
93.68300000000001,42.211,11.1,3,0
106.24,42.578,11.1,3,0
55.656,35.514,0,0,0
95.17700000000001,30.499,0,0,0
171.84,50.109,0,0,0
123.9,17.761,3.7,1,0
81.767,40.896,11.1,3,0
134.43,36.237,3.7,1,0
83.468,54.001,0,0,0
63.812,37.442,3.7,1,0
116.98,45.241,7.4,2,0
149.69,25.817,0,0,0
138.15,56.863,11.1,3,0
73.39700000000001,39.559,11.1,3,0
99.161,56.776,0,0,0
70.069,27.045,0,0,0
112.51,30.041,0,0,0
33.29,19.033,0,0,0
118.38,29.451,0,0,0
81.937,22.877,0,0,0
73.76000000000001,59.306,11.1,3,0
115.16,41.508,7.4,2,0
96.126,40.283,3.7,1,0
88.301,20.904,3.7,1,0
80.89700000000001,28.304,0,0,0
9.404,43.304,0,0,0
132.56,59.059,0,0,0
57.592,37.197,0,0,0
14.775,38.535,0,0,0
22.078,35.782,0,0,0
115.24,9.626200000000001,0,0,0
35.451,55.651,0,0,0
105.11,9.2699,0,0,0
17.864,35.637,0,0,0
141.73,36.47,0,0,0
154.11,44.17,0,0,0
121.09,44.851,7.4,2,0
76.68300000000001,22.877,3.7,1,0
144.88,49.843,3.7,1,0
99.14,50.468,0,0,0
138.65,55.615,7.4,2,0
140.27,48.662,7.4,2,0
26.751,32.929,0,0,0
105.33,63.551,3.7,1,0
102.78,48.507,0,0,0
59.79,29.385,0,0,0
135.11,63.951,11.1,3,0
42.508,37.398,0,0,0
102.4,49.476,0,0,0
90.867,20.882,0,0,0
110.29,12.557,0,0,0
144.45,22.162,0,0,0
167.42,48.203,0,0,0
108.67,50.624,11.1,3,0
125.12,34.287,0,0,0
28.708,32.941,3.7,1,0
139.97,37.741,0,0,0
98.20099999999999,42.657,11.1,3,0
58.531,30.188,0,0,0
151.73,21.437,0,0,0
124.6,30.431,0,0,0
126.87,30.297,0,0,0
78.902,20.058,3.7,1,0
107.81,41.364,3.7,1,0
50.439,34.824,3.7,1,0
67.20999999999999,40.897,11.1,3,0
44.268,35.86,0,0,0
138.08,47.581,7.4,2,0
110.5,22.91,3.7,1,0
119.85,23.21,3.7,1,0
111.72,41.765,7.4,2,0
48.562,19.925,0,0,0
6.0969,50.681,0,0,0
81.996,28.427,0,0,0
25.46,4.5131,0,0,0
130.7,57.198,0,0,0
25.481,22.354,0,0,0
104.2,25.751,3.7,1,0
110.17,14.028,0,0,0
88.78100000000001,39.325,7.4,2,0
130.21,32.459,3.7,1,0
80.294,44.975,3.7,1,0
114.54,22.843,0,0,0
94.872,24.392,3.7,1,0
60.057,18.364,3.7,1,0
148.43,41.117,3.7,1,0
38.907,35.325,0,0,0
121.87,23.377,3.7,1,0
47.276,25.084,0,0,0
74.048,55.762,7.4,2,0
99.35299999999999,29.73,0,0,0
145.48,53.665,0,0,0
72.075,61.646,11.1,3,0
101.88,42.211,3.7,1,0
26.895,2.5741,0,0,0
25.273,33.966,0,0,0
109.58,20.514,0,0,0
105.94,39.046,7.4,2,0
74.31999999999999,32.851,0,0,0
129.41,44.06,7.4,2,0
89.52200000000001,46.345,0,0,0
113.09,9.448,0,0,0
108.85,25.829,0,0,0
118.96,27.423,0,0,0
120.11,36.037,3.7,1,0
77.53100000000001,36.495,0,0,0
83.121,39.113,11.1,3,0
133.43,59.193,0,0,0
105.89,57.756,0,0,0
22.254,35.883,0,0,0
17.613,40.942,0,0,0
120.03,40.806,0,0,0
142.13,35.902,3.7,1,0
133.54,63.75,0,0,0
150.18,26.028,0,0,0
104.95,28.927,3.7,1,0
110.83,25.718,3.7,1,0
143.23,40.259,0,0,0
74.496,57.623,11.1,3,0
128.45,21.137,0,0,0
57.187,23.758,3.7,1,0
146.87,23.22,0,0,0
81.959,57.4,0,0,0
98.532,24.771,3.7,1,0
129.4,27.812,0,0,0
86.386,42.111,11.1,3,0
135.02,38.131,3.7,1,0
118.63,44.294,11.1,3,0
73.82899999999999,30.421,0,0,0
101.01,24.882,3.7,1,0
83.479,29.318,0,0,0
139.54,38.755,0,0,0
78.849,26.343,0,0,0
143.19,37.117,0,0,0
79.68600000000001,43.961,11.1,3,0
114.26,42.812,3.7,1,0
101.31,40.717,11.1,3,0
33.941,64.054,0,0,0
123.42,49.286,0,0,0
100.93,40.16,7.4,2,0
23.603,17.351,0,0,0
134.3,25.349,0,0,0
99.38500000000001,28.315,0,0,0
80.886,43.593,3.7,1,0
146,31.701,3.7,1,0
16.258,35.203,0,0,0
99.113,10.552,0,0,0
111.16,17.505,0,0,0
104.3,18.274,0,0,0
41.158,40.518,0,0,0
55.811,29.486,3.7,1,0
25.529,21.128,0,0,0
70.34099999999999,8.1899,0,0,0
79.40900000000001,44.819,0,0,0
101.12,29.563,0,0,0
4.6353,53.935,0,0,0
110.49,9.2363,0,0,0
10.471,40.931,0,0,0
20.531,34.3,0,0,0
78.42700000000001,22.576,0,0,0
111.58,45.587,11.1,3,0
110.8,48.161,0,0,0
29.53,17.941,3.7,1,0
39.078,3.6215,0,0,0
97.22,22.553,0,0,0
33.28,33.342,3.7,1,0
139.3,51.637,7.4,2,0
143.56,20.468,0,0,0
61.284,37.019,0,0,0
121.97,39.981,3.7,1,0
68.026,37.787,11.1,3,0
72.01600000000001,36.952,3.7,1,0
64.45699999999999,39.883,11.1,3,0
148.86,20.2,0,0,0
82.94499999999999,38.768,0,0,0
133.97,36.036,3.7,1,0
108.62,27.668,0,0,0
111.75,43.325,11.1,3,0
18.317,56.554,0,0,0
88.88800000000001,39.626,11.1,3,0
128.15,65.40000000000001,0,0,0
56.744,5.1256,0,0,0
78.145,52.72,3.7,1,0
97.977,49.967,0,0,0
140.31,38.889,0,0,0
68.72499999999999,37.62,0,0,0
133.48,67.773,11.1,3,0
71.242,38.122,7.4,2,0
59.705,38.3,11.1,3,0
110.69,21.561,0,0,0
19.144,54.682,0,0,0
37.888,43.828,0,0,0
42.534,19.312,0,0,0
106.21,64.164,3.7,1,0
143.58,48.182,11.1,3,0
109.16,54.658,3.7,1,0
117.16,42.388,7.4,2,0
144.04,51.915,3.7,1,0
106.43,56.497,0,0,0
105.7,23.946,0,0,0
40.171,5.7165,0,0,0
67.759,23.746,0,0,0
75.574,30.533,0,0,0
80.636,37.341,7.4,2,0
67.807,40.284,11.1,3,0
60.131,38.345,11.1,3,0
105.48,28.281,0,0,0
59.129,22.387,0,0,0
96.819,49.476,0,0,0
20.216,38.189,0,0,0
57.112,32.974,0,0,0
122.41,45.787,0,0,0
120.78,40.561,7.4,2,0
112.46,44.305,0,0,0
73.34399999999999,68.577,0,0,0
109.33,13.148,0,0,0
132.64,68.264,11.1,3,0
77.55800000000001,54.057,3.7,1,0
40.929,44.441,0,0,0
75.27500000000001,38.077,7.4,2,0
51.512,20.225,0,0,0
23.47,18.443,0,0,0
125.79,44.962,0,0,0
73.11499999999999,31.447,0,0,0
109.95,48.261,0,0,0
57.075,25.117,3.7,1,0
149.1,39.479,3.7,1,0
121.94,45.185,7.4,2,0
125.57,26.531,0,0,0
72.72,61.323,7.4,2,0
135.98,46.767,0,0,0
136.61,58.958,11.1,3,0
102.86,23.935,3.7,1,0
132.63,16.758,0,0,0
97.614,22.576,0,0,0
58.232,34.032,0,0,0
53.293,36.64,0,0,0
77.377,28.605,0,0,0
76.923,53.455,0,0,0
104.34,65.857,3.7,1,0
129.34,44.773,0,0,0
69.824,39.247,7.4,2,0
145.19,20.033,0,0,0
97.145,38.455,7.4,2,0
136.12,31.712,0,0,0
24.18,32.551,3.7,1,0
131.83,46.333,0,0,0
37.942,39.27,0,0,0
131.42,31.824,0,0,0
44.385,21.251,0,0,0
87.67100000000001,39.247,7.4,2,0
136.54,76.499,0,0,0
130.96,48.25,0,0,0
132.2,23.522,0,0,0
81.548,37.798,3.7,1,0
96.83,22.52,0,0,0
44.967,34.344,3.7,1,0
130.16,48.127,11.1,3,0
70.95999999999999,65.747,11.1,3,0
103.15,13.505,0,0,0
82.577,38.746,0,0,0
70.21299999999999,38.59,3.7,1,0
36.891,18.599,3.7,1,0
112.05,47.949,3.7,1,0
137.22,59.906,0,0,0
66.607,7.8891,0,0,0
39.456,40.507,0,0,0
106.65,56.341,7.4,2,0
125.44,10.462,0,0,0
130.53,63.438,0,0,0
129.54,25.182,0,0,0
125.95,48.428,0,0,0
136.65,61.187,0,0,0
59.107,22.677,0,0,0
136.87,31.656,0,0,0
62.43,34.288,0,0,0
67.999,6.0949,0,0,0
101.96,39.614,3.7,1,0
40.502,42.045,0,0,0
129.79,48.472,0,0,0
44.364,34.3,3.7,1,0
105.16,63.941,3.7,1,0
37.317,35.091,3.7,1,0
126.42,45.286,11.1,3,0
81.98,38.968,3.7,1,0
141.92,37.997,0,0,0
29.098,35.426,0,0,0
69.386,37.676,0,0,0
63.124,45.399,0,0,0
118.7,27.3,0,0,0
103.11,40.405,0,0,0
131.02,26.308,0,0,0
102.44,30.12,0,0,0
132.43,26.742,0,0,0
45.345,6.1399,0,0,0
141.07,21.972,0,0,0
41.857,5.8613,0,0,0
33.578,15.701,3.7,1,0
85.127,36.383,0,0,0
42.929,36.417,0,0,0
78.465,38.623,7.4,2,0
132.28,13.18,0,0,0
123.31,49.531,0,0,0
141.38,34.431,0,0,0
16.541,42.68,0,0,0
65.407,46.402,0,0,0
81.751,57.868,0,0,0
94.09399999999999,24.559,3.7,1,0
121.03,48.863,0,0,0
120.29,33.317,3.7,1,0
33.184,35.604,0,0,0
142.56,36.103,3.7,1,0
37.803,18.677,3.7,1,0
115.3,22.909,3.7,1,0
112.62,23.032,3.7,1,0
77.643,35.313,0,0,0
64.623,24.917,0,0,0
111.16,25.461,3.7,1,0
94.2,14.764,0,0,0
70.80500000000001,38.033,11.1,3,0
102.32,24.949,3.7,1,0
111.85,23.768,3.7,1,0
134.11,64.809,11.1,3,0
140.92,50.311,7.4,2,0
100.13,54.591,0,0,0
133.3,44.639,0,0,0
105.07,57.734,7.4,2,0
105.51,27.802,0,0,0
80.33199999999999,42.468,11.1,3,0
123.62,17.137,3.7,1,0
127.53,45.141,0,0,0
110.53,53.922,3.7,1,0
112,45.375,0,0,0
108.34,29.886,0,0,0
24.596,20.092,0,0,0
58.489,30.745,0,0,0
40.395,37.13,0,0,0
103.67,29.719,3.7,1,0
57.374,35.425,3.7,1,0
76.059,52.72,0,0,0
78.491,45.343,7.4,2,0
77.11499999999999,50.625,7.4,2,0
63.983,18.71,3.7,1,0
77.729,34.4,0,0,0
109.88,46.189,7.4,2,0
5.8835,51.149,0,0,0
121.23,21.862,3.7,1,0
108.71,22.586,3.7,1,0
69.70099999999999,8.1342,0,0,0
46.657,19.457,3.7,1,0
139.44,38.376,3.7,1,0
23.326,21.106,0,0,0
105.05,28.771,3.7,1,0
122.13,46.422,0,0,0
25.428,23.558,0,0,0
92.42400000000001,10.006,0,0,0
96.745,14.831,0,0,0
78.619,38.723,11.1,3,0
57.091,42.724,0,0,0
20.414,37.732,0,0,0
120.47,23.266,3.7,1,0
115.41,41.152,7.4,2,0
126.95,28.18,0,0,0
145.87,20.334,0,0,0
101.5,40.194,7.4,2,0
130.85,46.166,0,0,0
110.03,15.455,0,0,0
79.02,48.597,0,0,0
58.366,36.796,3.7,1,0
137.54,33.105,0,0,0
141.25,49.029,7.4,2,0
40.305,42.502,0,0,0
131.12,64.69799999999999,0,0,0
101.4,72.087,0,0,0
99.04900000000001,40.985,3.7,1,0
145.03,54.712,0,0,0
69.717,40.863,11.1,3,0
81.014,33.831,0,0,0
108.77,58.09,3.7,1,0
66.794,37.464,0,0,0
36.421,24.482,0,0,0
91.384,25.863,0,0,0
77.06699999999999,52.53,3.7,1,0
127.15,46.021,0,0,0
66.38800000000001,67.441,0,0,0
124.9,17.917,3.7,1,0
77.697,40.673,11.1,3,0
76.91800000000001,29.797,0,0,0
101.18,24.893,3.7,1,0
77.387,47.928,7.4,2,0
109.22,40.896,0,0,0
42.956,39.593,0,0,0
110.26,41.497,11.1,3,0
55.784,27.335,0,0,0
121.93,43.826,7.4,2,0
107.4,56.084,0,0,0
103.4,25.105,3.7,1,0
99.727,10.596,0,0,0
56.008,24.527,0,0,0
102.27,29.05,3.7,1,0
78.289,39.258,3.7,1,0
147.25,46.21,0,0,0
135.64,26.051,0,0,0
102.21,21.495,0,0,0
57.427,20.827,3.7,1,0
127.65,31.389,3.7,1,0
23.582,17.551,0,0,0
44.161,19.234,3.7,1,0
40.507,18.911,3.7,1,0
69.797,38.389,3.7,1,0
94.899,40.172,3.7,1,0
112.08,25.829,3.7,1,0
147.62,45.363,0,0,0
126.66,17.805,3.7,1,0
126.06,48.172,0,0,0
103.78,28.515,3.7,1,0
44.097,24.861,0,0,0
73.53100000000001,58.258,11.1,3,0
111.25,24.982,0,0,0
140.44,51.436,7.4,2,0
93.768,24.537,3.7,1,0
62.03,23.223,0,0,0
79.51000000000001,27.112,3.7,1,0
134.91,55.671,0,0,0
91.208,22.899,3.7,1,0
78.246,28.014,0,0,0
141.87,52.149,11.1,3,0
20.424,41.499,0,0,0
100.16,40.606,11.1,3,0
160.78,45.34,0,0,0
134.82,31.133,0,0,0
120.85,16.736,3.7,1,0
123.37,23.466,3.7,1,0
78.73699999999999,46.156,11.1,3,0
68.997,27.981,0,0,0
24.457,35.258,3.7,1,0
22.585,13.094,0,0,0
40.075,34.913,0,0,0
145.63,53.33,0,0,0
130.87,53.064,0,0,0
128.64,50.969,0,0,0
55.597,33.453,3.7,1,0
76.619,49.733,7.4,2,0
143.42,51.592,0,0,0
142.13,51.559,11.1,3,0
112.69,18.798,0,0,0
76.625,26.621,3.7,1,0
71.10899999999999,65.401,11.1,3,0
131.4,58.635,0,0,0
27.103,34.412,3.7,1,0
61.961,26.187,0,0,0
109.14,41.297,3.7,1,0
76.11799999999999,53.89,11.1,3,0
122.49,17.605,3.7,1,0
67.35899999999999,17.305,3.7,1,0
110.65,48.518,0,0,0
142.74,26.374,0,0,0
139.6,50.556,0,0,0
141.65,38.131,0,0,0
105.17,27.59,3.7,1,0
140.05,38.922,0,0,0
54.131,20.025,0,0,0
110.29,40.985,0,0,0
138.21,57.688,0,0,0
126.94,42.332,0,0,0
115.06,26.843,0,0,0
149.96,40.08,0,0,0
119.91,49.587,0,0,0
81.068,43.17,3.7,1,0
127.94,63.907,0,0,0
100.95,38.712,7.4,2,0
109.7,65.813,0,0,0
75.056,37.966,7.4,2,0
74.496,19.657,3.7,1,0
103.83,38.901,7.4,2,0
19.518,39.783,0,0,0
61.428,38.166,3.7,1,0
143.36,16.501,0,0,0
130.31,38.577,0,0,0
88.52,41.175,11.1,3,0
133.51,47.514,0,0,0
99.129,24.793,3.7,1,0
79.878,42.089,7.4,2,0
29.812,4.8696,0,0,0
20.899,40.362,0,0,0
102.41,28.705,3.7,1,0
21.614,7.1542,0,0,0
118.68,45.943,7.4,2,0
85.751,28.315,0,0,0
130.5,45.675,7.4,2,0
27.481,2.6298,0,0,0
55.245,24.181,3.7,1,0
135.58,38.376,3.7,1,0
98.79300000000001,24.782,3.7,1,0
105.27,66.35899999999999,3.7,1,0
78.22499999999999,33.218,0,0,0
18.557,38.802,0,0,0
71.33799999999999,39.125,3.7,1,0
80.15000000000001,45.967,0,0,0
101.47,45.164,7.4,2,0
133.85,41.909,0,0,0
59.337,39.147,11.1,3,0
51.837,6.6747,0,0,0
132.42,33.629,0,0,0
59.977,27.134,0,0,0
130.27,30.565,3.7,1,0
69.551,26.989,0,0,0
100.55,49.543,0,0,0
141.21,50.422,3.7,1,0
111.34,52.017,3.7,1,0
108.2,30.989,0,0,0
152.22,23.198,0,0,0
139.12,46.689,7.4,2,0
137.47,49.988,11.1,3,0
89.746,23.969,3.7,1,0
25.166,23.491,0,0,0
80.92400000000001,38.924,11.1,3,0
148.81,39.579,0,0,0
118.43,40.94,7.4,2,0
112.64,42.901,3.7,1,0
78.48099999999999,33.252,0,0,0
33.44,22.465,0,0,0
73.125,64.265,3.7,1,0
69.002,52.319,0,0,0
84.396,38.055,3.7,1,0
131.24,74.28100000000001,0,0,0
109.11,24.492,3.7,1,0
37.408,33.698,3.7,1,0
146.84,39.423,3.7,1,0
120.1,22.386,3.7,1,0
125.48,37.975,0,0,0
39.174,36.752,0,0,0
55.608,19.624,3.7,1,0
104.79,40.428,7.4,2,0
70.72499999999999,21.083,3.7,1,0
123.2,43.168,0,0,0
139.65,49.274,7.4,2,0
131.97,38.231,0,0,0
141.91,39.646,0,0,0
60.19,44.095,0,0,0
84.423,36.305,0,0,0
113.86,22.609,0,0,0
120.04,46.523,7.4,2,0
129.73,35.624,0,0,0
143.68,47.937,11.1,3,0
98.009,39.258,3.7,1,0
124.32,47.191,0,0,0
68.922,17.439,3.7,1,0
113.76,25.439,3.7,1,0
21.15,14.554,0,0,0
148.97,41.206,0,0,0
63.204,66.059,0,0,0
41.147,19.178,0,0,0
123.62,37.719,3.7,1,0
116.14,13.738,0,0,0
144.61,17.069,0,0,0
132.16,47.135,0,0,0
74.075,57.411,0,0,0
98.09999999999999,24.749,3.7,1,0
114.63,41.274,7.4,2,0
20.664,40.931,0,0,0
79.83,46.713,0,0,0
52.456,6.7304,0,0,0
103.8,43.815,7.4,2,0
101.49,24.905,3.7,1,0
75.462,58.893,3.7,1,0
141.51,34.119,0,0,0
133.1,32.024,0,0,0
20.307,41.789,0,0,0
106.25,40.662,0,0,0
104.3,40.494,0,0,0
134.47,47.235,7.4,2,0
125.6,45.397,0,0,0
103.01,40.862,11.1,3,0
79.90000000000001,43.861,7.4,2,0
132.43,66.224,0,0,0
79.66,25.518,3.7,1,0
49.522,36.395,0,0,0
127.79,43.402,7.4,2,0
131.8,21.293,0,0,0
94.27,10.151,0,0,0
93.48,40.027,11.1,3,0
86.706,39.08,0,0,0
23.955,42.223,0,0,0
55.757,30.477,3.7,1,0
129.11,45.363,0,0,0
136.55,49.174,0,0,0
108.58,52.864,11.1,3,0
74.29900000000001,61.568,3.7,1,0
78.193,27.201,3.7,1,0
132.52,37.05,3.7,1,0
88.242,41.041,11.1,3,0
120.81,32.827,0,0,0
35.317,36.161,3.7,1,0
109.71,50.702,0,0,0
129.88,45.23,0,0,0
144.42,51.982,3.7,1,0
171.64,51.68,0,0,0
122.86,43.96,0,0,0
120.21,43.113,7.4,2,0
71.42400000000001,27.19,0,0,0
120.49,17.995,3.7,1,0
115.28,13.638,0,0,0
107.43,55.661,11.1,3,0
111.55,51.538,3.7,1,0
143.91,16.746,0,0,0
60.9,5.4821,0,0,0
89.282,41.531,11.1,3,0
132.2,19.109,0,0,0
137.37,59.571,0,0,0
10.236,41.454,0,0,0
22.814,38.902,0,0,0
80.27800000000001,29.106,0,0,0
86.64700000000001,38.255,3.7,1,0
106.61,56.073,0,0,0
42.401,67.452,0,0,0
81.319,28.36,0,0,0
141.9,19.877,0,0,0
119.99,27.913,0,0,0
104.92,29.251,3.7,1,0
120.4,45.119,0,0,0
72.827,23.156,0,0,0
22.937,34.412,0,0,0
97.134,61.322,0,0,0
128.98,50.233,0,0,0
139,34.498,3.7,1,0
112.56,49.131,3.7,1,0
113.03,24.837,3.7,1,0
144.99,21.114,0,0,0
150.48,23.588,0,0,0
23.63,17.15,0,0,0
82.497,29.229,0,0,0
77.718,48.808,0,0,0
108.91,11.354,0,0,0
122.78,23.455,3.7,1,0
135.56,11.286,0,0,0
142.3,51.146,11.1,3,0
76.91800000000001,27.869,0,0,0
33.872,33.386,3.7,1,0
145.43,43.101,3.7,1,0
119.41,41.33,7.4,2,0
69.621,19.222,3.7,1,0
105,29.184,3.7,1,0
138.62,55.771,11.1,3,0
100.78,48.964,0,0,0
126.53,18.05,3.7,1,0
59.283,18.487,3.7,1,0
96.729,24.548,3.7,1,0
149.94,32.369,0,0,0
54.248,37.097,0,0,0
75.12,57.645,0,0,0
15.933,35.938,0,0,0
121.73,40.572,3.7,1,0
75.60599999999999,53.79,0,0,0
128.27,43.391,0,0,0
76.705,40.25,11.1,3,0
119.02,42.622,7.4,2,0
59.422,15.199,3.7,1,0
71.42400000000001,64.688,11.1,3,0
103.74,23.411,0,0,0
125.34,45.965,11.1,3,0
79.77200000000001,23.133,3.7,1,0
115.22,25.874,0,0,0
62.505,33.286,0,0,0
103.46,23.991,3.7,1,0
140.61,26.318,0,0,0
118.16,42.188,11.1,3,0
140.07,52.283,7.4,2,0
133.29,59.538,0,0,0
111.24,40.862,7.4,2,0
79.142,47.672,3.7,1,0
71.946,44.017,7.4,2,0
80.038,38.534,0,0,0
99.62,24.815,3.7,1,0
124.06,36.716,0,0,0
74.76300000000001,56.353,7.4,2,0
141.09,49.297,3.7,1,0
120.64,28.069,3.7,1,0
100.06,24.838,3.7,1,0
62.1,37.899,7.4,2,0
71.2,63.663,11.1,3,0
110.94,47.147,11.1,3,0
90.637,23.211,0,0,0
78.657,46.591,0,0,0
145.5,41.318,0,0,0
77.265,49.878,0,0,0
16.925,37.755,0,0,0
26.537,19.301,0,0,0
10.978,39.805,0,0,0
137.31,29.183,0,0,0
136.69,33.462,3.7,1,0
21.23,42.691,0,0,0
27.348,32.985,0,0,0
152.57,41.797,0,0,0
133.41,52.283,0,0,0
109.03,43.693,11.1,3,0
77.334,8.7692,0,0,0
138.28,36.136,0,0,0
102.93,65.423,7.4,2,0
29.22,18.766,0,0,0
145.72,49.319,11.1,3,0
63.172,21.752,3.7,1,0
130.02,23.098,0,0,0
118,45.665,7.4,2,0
79.468,29.218,0,0,0
131.91,69.98,11.1,3,0
59.587,37.331,7.4,2,0
12.749,40.908,0,0,0
101.51,25.974,0,0,0
28.895,22.031,0,0,0
101.13,48.061,0,0,0
119.07,25.662,3.7,1,0
101.5,40.272,0,0,0
76.63,51.817,7.4,2,0
118.78,9.915800000000001,0,0,0
75.94199999999999,55.74,0,0,0
87.714,39.503,3.7,1,0
151.72,20.323,0,0,0
135.86,50.679,11.1,3,0
134.86,54.089,0,0,0
144.28,35.478,3.7,1,0
90.59999999999999,23.579,0,0,0
81.41500000000001,42.356,3.7,1,0
23.481,34.768,3.7,1,0
136.64,29.506,0,0,0
134.34,50.278,0,0,0
78.699,38.434,0,0,0
141.42,47.67,7.4,2,0
83.687,39.169,11.1,3,0
77.28100000000001,19.913,3.7,1,0
127.04,29.896,0,0,0
83.756,32.004,0,0,0
120.55,28.169,0,0,0
77.617,51.238,3.7,1,0
143.83,50.634,0,0,0
128.69,46.411,0,0,0
75.408,54.781,7.4,2,0
137.67,35.59,3.7,1,0
130.22,51.381,0,0,0
16.605,34.434,0,0,0
130.04,34.922,0,0,0
152.41,43.435,0,0,0
34.602,15.802,3.7,1,0
40.593,45.221,0,0,0
84.679,38.913,0,0,0
105.1,28.214,3.7,1,0
105.79,22.965,3.7,1,0
34.533,36.15,0,0,0
75.056,67.574,0,0,0
112.89,17.438,0,0,0
105.14,27.924,3.7,1,0
94.014,68.33199999999999,0,0,0
128.01,35.1,3.7,1,0
134,54.88,0,0,0
134.48,49.988,0,0,0
74.005,32.806,0,0,0
131.03,62.357,0,0,0
142.69,42.443,0,0,0
135.45,32.269,0,0,0
17.976,35.381,0,0,0
16.488,34.69,0,0,0
142.77,53.052,11.1,3,0
107.75,23.133,0,0,0
115.66,23.377,3.7,1,0
45.644,35.57,3.7,1,0
42.198,41.488,0,0,0
20.366,51.918,0,0,0
141.83,50.723,3.7,1,0
141.59,48.996,0,0,0
129.71,65.188,0,0,0
18.077,39.894,0,0,0
29.594,41.644,0,0,0
55.501,20.95,3.7,1,0
68.298,39.091,11.1,3,0
91.571,13.884,0,0,0
85.82599999999999,21.64,0,0,0
118.31,41.062,3.7,1,0
133.16,37.318,3.7,1,0
92.622,22.186,0,0,0
54.744,37.331,0,0,0
101.15,41.899,3.7,1,0
34.25,58.426,0,0,0
64.319,37.331,3.7,1,0
92.85599999999999,38.801,3.7,1,0
43.068,5.9504,0,0,0
106.83,22.575,3.7,1,0
68.319,25.184,0,0,0
134.39,45.675,0,0,0
27.199,23.279,0,0,0
113.46,43.28,3.7,1,0
124.81,39.524,0,0,0
78.369,38.4,0,0,0
150.11,42.8,0,0,0
130.27,60.976,0,0,0
95.32599999999999,39.77,7.4,2,0
132.72,65.578,0,0,0
128.19,35.68,0,0,0
146.18,48.672,0,0,0
102.78,65.768,7.4,2,0
135.05,64.78700000000001,0,0,0
111.11,47.448,0,0,0
54.579,37.175,3.7,1,0
79.857,22.699,0,0,0
130.29,27.656,0,0,0
134.62,31.657,0,0,0
113.07,39.525,7.4,2,0
103.52,71.563,0,0,0
67.77,17.339,3.7,1,0
22.787,34.434,3.7,1,0
133.94,51.125,0,0,0
97.001,23.411,3.7,1,0
63.887,34.589,0,0,0
142.86,18.986,0,0,0
81.996,38.868,7.4,2,0
131.73,44.238,0,0,0
17.747,35.905,0,0,0
143.65,49.954,7.4,2,0
134.42,34.676,0,0,0
120.92,22.965,3.7,1,0
130.88,56.752,0,0,0
22.702,11.322,0,0,0
33.792,35.526,3.7,1,0
109.71,41.453,11.1,3,0
38.448,22.789,0,0,0
118.94,43.302,0,0,0
147.23,42.131,0,0,0
110.36,45.03,7.4,2,0
99.663,26.621,0,0,0
112.91,43.258,0,0,0
123.78,37.329,3.7,1,0
107.44,61.233,3.7,1,0
149.93,25.928,0,0,0
29.482,35.637,3.7,1,0
99.417,71.229,0,0,0
110.82,20.447,0,0,0
150.61,39.724,3.7,1,0
133.7,75.306,0,0,0
40.987,35.938,0,0,0
97.188,14.998,0,0,0
106.88,41.196,11.1,3,0
129.37,62.837,0,0,0
97.27800000000001,61.01,0,0,0
146.48,21.783,0,0,0
135.12,60.229,0,0,0
136.24,62.101,0,0,0
143.12,16.835,0,0,0
147.11,24.714,0,0,0
60.692,23.1,0,0,0
135.56,59.259,0,0,0
23.449,18.621,0,0,0
84.962,21.974,0,0,0
45.596,35.793,3.7,1,0
148.07,19.866,0,0,0
104.64,15.198,0,0,0
142.14,37.072,0,0,0
38.763,35.214,3.7,1,0
145.37,47.525,11.1,3,0
90.258,41.999,11.1,3,0
91.848,39.882,3.7,1,0
109.85,53.053,3.7,1,0
139.89,45.708,0,0,0
128.93,18.92,0,0,0
118.52,48.974,0,0,0
120.5,30.22,3.7,1,0
170.33,49.451,0,0,0
85.36199999999999,34.255,0,0,0
18.877,21.451,0,0,0
67.37,36.439,7.4,2,0
121.89,35.022,3.7,1,0
48.05,34.835,0,0,0
172.15,51.892,0,0,0
143.27,48.895,11.1,3,0
137.05,59.415,11.1,3,0
95.577,27.958,0,0,0
25.353,2.4404,0,0,0
130.25,42.499,0,0,0
33.589,35.437,3.7,1,0
40.513,34.032,0,0,0
112.35,49.632,3.7,1,0
104.17,66.247,3.7,1,0
114.13,43.135,3.7,1,0
98.48399999999999,40.461,11.1,3,0
103.08,65.044,7.4,2,0
59.806,39.314,11.1,3,0
100.15,24.849,3.7,1,0
26.249,19.624,0,0,0
85.191,19.266,0,0,0
74.203,30.444,0,0,0
38.678,37.766,0,0,0
56.739,35.615,0,0,0
146.12,48.438,11.1,3,0
136.57,32.381,0,0,0
124.55,46.645,0,0,0
29.61,35.671,0,0,0
142.6,22.764,0,0,0
141.01,42.265,0,0,0
15.709,62.471,0,0,0
73.008,27.446,0,0,0
145.67,47.881,3.7,1,0
143.32,29.884,0,0,0
75.334,31.725,0,0,0
99.679,39.414,3.7,1,0
133.43,40.527,0,0,0
40.294,34.478,0,0,0
152.18,41.629,0,0,0
141.49,38.476,0,0,0
113.23,22.397,0,0,0
146.85,43.502,0,0,0
78.25700000000001,37.509,3.7,1,0
73.739,67.764,0,0,0
40.817,24.616,0,0,0
20.606,23.268,0,0,0
147.34,42.343,0,0,0
48.476,37.13,0,0,0
120.78,14.284,0,0,0
150,24.58,0,0,0
91.01600000000001,24.069,3.7,1,0
82.839,31.926,0,0,0
121.18,20.157,3.7,1,0
132.16,45.608,0,0,0
107.21,59.182,3.7,1,0
109.27,51.203,11.1,3,0
55.853,16.514,3.7,1,0
92.083,21.25,3.7,1,0
154.26,42.521,0,0,0
23.865,2.3178,0,0,0
128.19,43.569,7.4,2,0
139.39,29.004,0,0,0
17.16,37.231,0,0,0
113.18,43.146,3.7,1,0
122.68,39.926,3.7,1,0
62.937,27.602,0,0,0
100.28,50.958,0,0,0
52.637,36.228,3.7,1,0
23.571,17.852,0,0,0
116.9,25.751,3.7,1,0
120.4,31.713,3.7,1,0
139.69,15.621,0,0,0
105.24,26.086,3.7,1,0
140.5,31.277,0,0,0
42.476,34.133,3.7,1,0
125.55,33.15,3.7,1,0
130.48,50.813,0,0,0
116.8,23.589,0,0,0
143.15,55.994,11.1,3,0
78.214,26.978,3.7,1,0
116.07,22.954,3.7,1,0
68.223,23.791,0,0,0
141.52,50.578,3.7,1,0
100.17,15.221,0,0,0
131.7,41.006,0,0,0
105.76,56.084,7.4,2,0
102.76,27.178,0,0,0
24.281,41.477,0,0,0
139.3,54.233,0,0,0
132.45,49.743,0,0,0
23.043,4.3125,0,0,0
92.456,38.132,7.4,2,0
95.27800000000001,65.501,0,0,0
93.726,30.22,0,0,0
140.44,47.246,7.4,2,0
94.899,69.268,0,0,0
44.849,19.546,0,0,0
100.24,50.323,0,0,0
64.92100000000001,38.779,11.1,3,0
127.35,30.03,0,0,0
76.598,26.878,3.7,1,0
139.58,53.453,7.4,2,0
107,42.823,11.1,3,0
103.88,66.916,3.7,1,0
99.39,41.141,3.7,1,0
118.61,41.018,7.4,2,0
141.58,49.163,7.4,2,0
121.21,47.002,7.4,2,0
58.851,5.315,0,0,0
22.371,16.37,0,0,0
117.44,43.414,7.4,2,0
125.42,45.82,0,0,0
130.9,49.899,0,0,0
161.28,45.552,0,0,0
145.61,49.564,11.1,3,0
133.61,43.981,0,0,0
149.16,25.594,0,0,0
98.73399999999999,40.851,3.7,1,0
72.72499999999999,24.248,0,0,0
131.48,25.071,0,0,0
32.975,24.159,0,0,0
78.83799999999999,41.164,11.1,3,0
22.067,21.017,0,0,0
132.14,62.291,0,0,0
101.4,51.75,0,0,0
126.87,52.651,0,0,0
137.79,58.624,0,0,0
143.4,51.715,11.1,3,0
69.087,37.888,11.1,3,0
54.253,47.405,0,0,0
103.59,40.918,11.1,3,0
139.85,47.001,7.4,2,0
47.922,19.858,0,0,0
91.85299999999999,28.95,0,0,0
71.706,61.256,7.4,2,0
28.852,19.869,0,0,0
60.958,31.235,0,0,0
119.32,39.981,7.4,2,0
127.26,67.25,0,0,0
105.1,40.561,0,0,0
137.85,57.565,11.1,3,0
73.173,59.529,0,0,0
78.107,39.626,7.4,2,0
145,49.04,7.4,2,0
114.88,27.98,0,0,0
73.712,62.916,3.7,1,0
57.507,28.16,0,0,0
82.577,40.306,11.1,3,0
79.004,44.128,7.4,2,0
38.048,35.158,3.7,1,0
127.14,27.054,0,0,0
80.438,42.39,0,0,0
65.551,60.498,0,0,0
102.45,46.746,7.4,2,0
121.13,41.998,7.4,2,0
119.08,48.127,0,0,0
132.28,18.697,0,0,0
122.65,39.948,0,0,0
120.22,32.56,0,0,0
55.72,31.124,3.7,1,0
69.498,6.2175,0,0,0
124.74,30.81,3.7,1,0
67.551,38.935,7.4,2,0
101.93,27.858,3.7,1,0
73.584,38.278,11.1,3,0
74.011,36.238,0,0,0
57.587,27.168,0,0,0
64.45699999999999,29.151,0,0,0
101.73,24.916,3.7,1,0
75.211,25.986,0,0,0
34.741,35.927,3.7,1,0
131.87,60.541,0,0,0
134.61,41.797,0,0,0
73.285,61.367,3.7,1,0
102.63,42.545,3.7,1,0
143.46,36.504,3.7,1,0
146.25,38.454,0,0,0
82.113,43.582,3.7,1,0
110.21,45.375,7.4,2,0
90.78700000000001,21.696,0,0,0
21.246,13.038,0,0,0
72.229,24.203,0,0,0
108.83,40.862,0,0,0
136.28,33.083,0,0,0
80.401,38.824,3.7,1,0
135.11,27.288,0,0,0
25.369,21.184,0,0,0
116.68,42.177,7.4,2,0
55.923,27.279,3.7,1,0
140.46,49.486,3.7,1,0
116.74,42.199,3.7,1,0
143.13,41.741,3.7,1,0
44.385,22.956,0,0,0
20.92,18.242,0,0,0
56.291,21.05,0,0,0
75.627,36.996,7.4,2,0
146.43,51.447,0,0,0
150.98,25.003,0,0,0
30.559,18.855,0,0,0
101.15,29.262,0,0,0
120.68,27.5,3.7,1,0
135.67,60.363,7.4,2,0
132.69,70.113,0,0,0
120.93,50.033,0,0,0
29.764,19.958,0,0,0
145.46,50.333,0,0,0
134.73,41.53,0,0,0
36.24,53.835,0,0,0
49.047,19.668,3.7,1,0
81.35599999999999,29.964,0,0,0
133.54,51.994,0,0,0
125.98,45.096,11.1,3,0
47.671,23.167,0,0,0
47.276,36.328,3.7,1,0
82.657,42.334,3.7,1,0
32.394,35.292,0,0,0
139.29,22.329,0,0,0
79.249,29.24,0,0,0
16.776,42.858,0,0,0
111.58,28.938,0,0,0
103.16,64.164,0,0,0
60.531,37.398,7.4,2,0
97.086,28.092,0,0,0
61.017,30.645,0,0,0
66.836,47.037,0,0,0
147.82,37.428,0,0,0
74.459,54.804,7.4,2,0
125.46,28.403,3.7,1,0
109.6,48.429,11.1,3,0
119.74,9.9938,0,0,0
89.13800000000001,46.178,0,0,0
132.81,36.136,0,0,0
76.342,52.051,0,0,0
90.232,38.578,3.7,1,0
103.47,63.439,0,0,0
53.837,36.807,3.7,1,0
98.756,26.543,0,0,0
100.63,49.354,0,0,0
138.84,48.149,0,0,0
145.27,50.311,11.1,3,0
73.163,41.119,7.4,2,0
79.446,24.872,0,0,0
120.78,44.227,0,0,0
112.62,25.874,3.7,1,0
122.51,40.327,3.7,1,0
144.5,39.167,0,0,0
38.464,45.622,0,0,0
133.35,65.946,7.4,2,0
150.27,42.432,0,0,0
92.47199999999999,39.548,0,0,0
107.24,27.3,0,0,0
124.58,31.323,3.7,1,0
125.42,52.016,0,0,0
134.87,62.279,7.4,2,0
120.98,16.557,3.7,1,0
136.27,61.221,7.4,2,0
31.903,3.0086,0,0,0
58.441,31.302,0,0,0
128.05,30.32,0,0,0
143.96,50.322,0,0,0
100.57,24.86,3.7,1,0
133.61,65.968,11.1,3,0
111.4,44.84,0,0,0
113.32,25.673,0,0,0
73.31699999999999,60.331,11.1,3,0
114.97,43.626,11.1,3,0
39.014,36.74,3.7,1,0
70.736,25.362,0,0,0
126.79,10.573,0,0,0
87.46899999999999,45.465,0,0,0
134.84,60.864,0,0,0
135.97,33.807,0,0,0
82.508,39.013,3.7,1,0
129.3,47.737,11.1,3,0
108.27,56.742,3.7,1,0
143.78,47.725,11.1,3,0
72.837,58.615,7.4,2,0
137.6,33.863,3.7,1,0
32.282,20.203,0,0,0
112.58,29.674,0,0,0
58.883,22.365,3.7,1,0
110.92,26.175,0,0,0
72.31999999999999,69.97,0,0,0
139.19,29.45,0,0,0
19.496,32.149,3.7,1,0
56.019,37.933,0,0,0
75.264,30.511,0,0,0
17.64,31.982,3.7,1,0
39.147,34.244,0,0,0
125.28,29.172,0,0,0
135.6,51.292,0,0,0
129.79,30.353,3.7,1,0
75.142,54.882,0,0,0
129.61,35.791,3.7,1,0
110.4,41.876,3.7,1,0
39.579,5.6719,0,0,0
127.04,50.49,0,0,0
95.70999999999999,64.52,0,0,0
97.428,24.715,3.7,1,0
126,17.984,3.7,1,0
144.38,49.33,0,0,0
71.68000000000001,6.4069,0,0,0
35.685,22.655,0,0,0
118.87,42.567,7.4,2,0
43.094,21.15,0,0,0
37.024,52.018,0,0,0
146.02,48.661,11.1,3,0
57.523,33.297,3.7,1,0
64.473,38.902,7.4,2,0
144.39,38.933,0,0,0
81.02500000000001,40.852,11.1,3,0
23.289,36.429,0,0,0
19.71,11.734,0,0,0
94.595,14.797,0,0,0
112.44,20.503,0,0,0
82.68899999999999,39.37,3.7,1,0
143.84,19.42,0,0,0
56.382,37.074,0,0,0
58.611,29.096,0,0,0
48.562,60.198,0,0,0
58.659,28.516,0,0,0
97.748,24.024,3.7,1,0
80.876,40.328,3.7,1,0
131.84,62.993,0,0,0
136.4,35.612,0,0,0
108.38,11.309,0,0,0
137.01,21.304,0,0,0
140.2,38.61,0,0,0
18.307,39.37,0,0,0
41.355,21.017,0,0,0
124.58,10.384,0,0,0
134.91,36.303,0,0,0
118.1,24.915,3.7,1,0
55.581,33.798,3.7,1,0
77.313,22.922,3.7,1,0
129.74,47.938,11.1,3,0
75.65900000000001,58.437,3.7,1,0
111.33,24.693,3.7,1,0
66.73999999999999,36.495,3.7,1,0
121.45,47.938,0,0,0
100.98,23.601,3.7,1,0
108.91,41.196,3.7,1,0
61.961,21.652,3.7,1,0
148.5,42.722,0,0,0
58.569,29.653,0,0,0
111.04,45.698,0,0,0
83.244,54.503,0,0,0
98.836,29.685,0,0,0
74.44799999999999,57.122,7.4,2,0
13.41,37.443,0,0,0
105.02,59.806,0,0,0
126.87,29.829,0,0,0
77.371,51.015,11.1,3,0
121.98,41.051,7.4,2,0
72.059,64.22,3.7,1,0
96.04600000000001,24.648,3.7,1,0
94.47799999999999,38.277,7.4,2,0
105.85,62.336,3.7,1,0
75.899,52.753,11.1,3,0
75.819,28.984,0,0,0
65.129,18.821,3.7,1,0
121.88,17.538,3.7,1,0
80.502,42.066,11.1,3,0
93.523,30.176,0,0,0
67.77500000000001,37.542,0,0,0
62.937,37.03,3.7,1,0
64.372,5.783,0,0,0
128.79,28.503,0,0,0
18.755,22.9,0,0,0
67.791,36.584,3.7,1,0
56.259,38.055,0,0,0
76.753,21.618,3.7,1,0
39.467,46.346,0,0,0
136.79,60.875,0,0,0
102.49,29.618,0,0,0
145.15,50.567,11.1,3,0
122.84,41.397,7.4,2,0
130.53,60.441,0,0,0
32.138,18.955,0,0,0
72.651,17.773,3.7,1,0
137.16,30.977,0,0,0
122.21,30.175,3.7,1,0
94.414,69.056,0,0,0
103.73,29.028,3.7,1,0
102.79,66.794,0,0,0
14.674,38.746,0,0,0
114.99,43.38,3.7,1,0
132.15,43.313,0,0,0
44.721,35.191,0,0,0
125.44,17.928,3.7,1,0
144.79,51.369,11.1,3,0
58.147,20.37,0,0,0
149.69,43.279,0,0,0
121.84,40.405,3.7,1,0
74.208,25.886,0,0,0
70.288,6.2843,0,0,0
77.649,28.571,0,0,0
139.26,16.713,0,0,0
93.726,21.395,3.7,1,0
141.76,37.295,3.7,1,0
126.73,42.789,0,0,0
133.52,49.631,11.1,3,0
144.56,34.854,3.7,1,0
78.241,47.883,7.4,2,0
137.18,59.081,7.4,2,0
113.68,44.172,3.7,1,0
156.2,45.073,0,0,0
133.94,65.199,11.1,3,0
81.13200000000001,40.751,0,0,0
105.81,21.539,0,0,0
31.738,5.0256,0,0,0
131.07,36.794,0,0,0
70.224,37.988,11.1,3,0
99.51300000000001,50.624,0,0,0
75.59,67.786,0,0,0
101.36,27.312,0,0,0
109.09,51.627,11.1,3,0
57.966,22.51,0,0,0
62.462,24.761,0,0,0
127.01,34.532,0,0,0
74.256,38.066,0,0,0
125.17,50.256,0,0,0
18.941,41.098,0,0,0
120.8,10.083,0,0,0
79.718,24.927,3.7,1,0
144.99,18.551,0,0,0
56.323,20.649,0,0,0
6.929,48.831,0,0,0
112.21,40.929,7.4,2,0
152.57,26.106,0,0,0
121.07,21.661,3.7,1,0
127.35,26.33,0,0,0
57.923,13.974,3.7,1,0
15.496,36.908,0,0,0
66.602,5.9724,0,0,0
23.571,4.3571,0,0,0
80.94,34.634,0,0,0
126.38,26.798,0,0,0
57.096,38.378,11.1,3,0
121.91,50.467,0,0,0
21.544,35.158,0,0,0
45.041,35.292,3.7,1,0
74.923,55.974,7.4,2,0
117.78,41.018,3.7,1,0
156.61,43.546,0,0,0
120.36,32.225,3.7,1,0
135.92,54.891,0,0,0
122.85,39.502,0,0,0
144.26,16.902,0,0,0
64.996,26.51,0,0,0
169.33,49.028,0,0,0
144.06,28.135,0,0,0
36.117,22.677,0,0,0
130.95,45.854,7.4,2,0
15.064,37.877,0,0,0
58.59,38.891,11.1,3,0
144.25,36.86,3.7,1,0
130.97,65.04300000000001,0,0,0
132.2,11.019,0,0,0
105.19,59.394,0,0,0
72.123,62.003,0,0,0
96.19,41.81,11.1,3,0
127.35,15.053,0,0,0
81.105,43.76,0,0,0
59.811,14.208,3.7,1,0
74.283,31.591,0,0,0
92.883,29.061,0,0,0
139.54,46.522,0,0,0
151.48,24.045,0,0,0
72.672,37.943,0,0,0
137.98,54.245,0,0,0
113.63,25.673,3.7,1,0
60.868,36.985,0,0,0
76.224,57.133,3.7,1,0
97.518,70.404,0,0,0
69.69,37.698,0,0,0
100.8,10.685,0,0,0
58.142,36.93,11.1,3,0
150.43,43.624,0,0,0
43.452,17.462,3.7,1,0
25.54,22.778,0,0,0
76.04300000000001,57.556,3.7,1,0
114.81,28.403,0,0,0
120.36,42.533,3.7,1,0
101.65,51.415,0,0,0
13.143,34.969,0,0,0
102.97,41.442,7.4,2,0
101.91,50.736,0,0,0
82.295,33.92,0,0,0
109.19,41.408,11.1,3,0
60.499,39.548,11.1,3,0
97.652,42.423,11.1,3,0
145.22,47.837,11.1,3,0
101.08,29.864,0,0,0
135.02,52.595,0,0,0
122.27,29.217,3.7,1,0
34.842,34.924,0,0,0
80.241,47.883,3.7,1,0
85.351,49.778,0,0,0
142.12,43.613,0,0,0
33.381,15.679,3.7,1,0
125.17,29.372,3.7,1,0
149.19,42.543,3.7,1,0
136.38,61.8,0,0,0
60.339,18.387,3.7,1,0
74.971,27.658,0,0,0
111.01,45.676,7.4,2,0
139.17,54.545,0,0,0
121.24,19.109,3.7,1,0
111.56,61.645,0,0,0
124.65,17.36,3.7,1,0
102.17,24.938,3.7,1,0
98.745,50.301,0,0,0
31.317,34.579,3.7,1,0
125.19,26.397,0,0,0
146.53,44.237,0,0,0
60.409,21.518,3.7,1,0
44.193,65.179,0,0,0
74.928,23.334,0,0,0
52.066,4.7245,0,0,0
83.623,28.605,0,0,0
141.8,28.425,0,0,0
23.491,18.264,0,0,0
97.76900000000001,24.726,3.7,1,0
113.88,56.474,0,0,0
113.9,24.659,3.7,1,0
41.889,34.122,0,0,0
17.122,23.324,0,0,0
78.422,21.763,3.7,1,0
111.25,16.725,0,0,0
38.134,19.757,0,0,0
109.07,50.434,7.4,2,0
109.66,23.523,0,0,0
112.64,29.339,0,0,0
63.311,37.186,0,0,0
116.34,25.138,3.7,1,0
81.07299999999999,40.997,7.4,2,0
90.36,24.013,3.7,1,0
138.65,44.472,0,0,0
132.04,71.127,11.1,3,0
104.19,19.277,0,0,0
32.079,16.57,3.7,1,0
74.235,36.907,7.4,2,0
72.117,43.616,7.4,2,0
75.974,34.734,0,0,0
97.086,24.693,3.7,1,0
73.824,60.108,3.7,1,0
156.14,43.334,0,0,0
102.59,23.389,3.7,1,0
149.76,32.793,0,0,0
17.96,40.162,0,0,0
107.6,51.671,7.4,2,0
151.18,29.394,0,0,0
110.29,22.386,3.7,1,0
145.11,33.64,3.7,1,0
23.353,40.775,0,0,0
79.372,38.478,0,0,0
58.142,15.144,3.7,1,0
132.72,16.301,0,0,0
113.01,40.595,3.7,1,0
108.44,39.213,7.4,2,0
111.89,27.612,0,0,0
149.61,44.003,0,0,0
99.76900000000001,40.138,0,0,0
145.53,20.178,0,0,0
135.2,35.624,0,0,0
77.995,49.566,11.1,3,0
104.55,68.086,3.7,1,0
150.45,20.88,0,0,0
96.45699999999999,18.23,0,0,0
131.55,63.672,0,0,0
57.619,38.111,11.1,3,0
103.63,42.333,11.1,3,0
74.04300000000001,35.96,0,0,0
131.93,20.569,0,0,0
121.18,22.787,3.7,1,0
107.97,21.294,0,0,0
28.255,35.036,0,0,0
22.611,39.382,0,0,0
130.73,30.776,3.7,1,0
107.55,22.743,3.7,1,0
132.58,61.221,0,0,0
19.768,11.054,0,0,0
102.3,49.744,0,0,0
24.121,33.966,3.7,1,0
37.835,37.13,0,0,0
104.2,39.815,3.7,1,0
105.41,56.92,7.4,2,0
136,47.837,7.4,2,0
127.32,41.463,0,0,0
108.98,57.611,3.7,1,0
77.40900000000001,49.533,0,0,0
129.99,48.038,0,0,0
116.96,41.252,7.4,2,0
71.16800000000001,62.526,7.4,2,0
132.64,26.308,0,0,0
51.021,35.102,0,0,0
106.9,57.243,0,0,0
35.936,16.871,3.7,1,0
126.26,31.467,3.7,1,0
102.35,25.673,3.7,1,0
153.02,20.924,0,0,0
72.768,63.106,0,0,0
110.18,49.61,0,0,0
55.635,32.795,3.7,1,0
25.262,21.295,0,0,0
143.99,21.961,0,0,0
88.136,28.56,0,0,0
118.04,45.342,0,0,0
109.92,39.313,7.4,2,0
30.34,33.085,3.7,1,0
75.30200000000001,54.503,0,0,0
126.74,26.921,0,0,0
103.32,63.796,0,0,0
57.571,15.121,3.7,1,0
140.55,50.11,3.7,1,0
145.8,42.198,3.7,1,0
126.77,34.565,3.7,1,0
27.775,34.757,3.7,1,0
138.26,19.309,0,0,0
150.26,40.214,0,0,0
4.422,54.414,0,0,0
104.13,63.684,0,0,0
106.89,59.929,3.7,1,0
136.06,30.854,0,0,0
124.9,51.782,0,0,0
106.97,9.4259,0,0,0
140.19,14.328,0,0,0
130.23,34.509,0,0,0
20.75,20.961,0,0,0
137.72,20.702,0,0,0
53.907,35.358,0,0,0
46.519,4.2566,0,0,0
104.72,42.433,11.1,3,0
21.123,42.948,0,0,0
76.81699999999999,31.603,0,0,0
20.179,42.09,0,0,0
63.423,18.665,3.7,1,0
78.438,24.069,3.7,1,0
23.774,15.991,0,0,0
94.536,48.496,0,0,0
82.28400000000001,43.192,3.7,1,0
130.02,64.53,0,0,0
129.83,23.923,0,0,0
74.58199999999999,67.374,0,0,0
97.06999999999999,8.5793,0,0,0
112.26,21.728,0,0,0
24.953,39.928,0,0,0
112.38,30.732,0,0,0
125.98,26.664,0,0,0
110.69,40.829,7.4,2,0
116.6,25.963,3.7,1,0
81.94799999999999,31.859,0,0,0
113.28,14.853,0,0,0
163.58,48.226,0,0,0
124.2,47.459,0,0,0
83.431,37.531,7.4,2,0
97.577,39.926,7.4,2,0
123.45,38.12,0,0,0
113.13,23.144,3.7,1,0
127.93,33.462,3.7,1,0
78.395,24.615,3.7,1,0
37.648,17.005,3.7,1,0
103.55,40.015,7.4,2,0
57.571,19.055,3.7,1,0
101.16,40.751,3.7,1,0
33.397,35.359,3.7,1,0
107.18,71.006,0,0,0
101.76,65.69,7.4,2,0
48.22,21.551,0,0,0
100.55,15.254,0,0,0
34.88,15.824,3.7,1,0
73.44,57.188,7.4,2,0
86.97799999999999,21.729,0,0,0
82.90300000000001,33.987,0,0,0
38.208,43.148,0,0,0
19.587,32.294,0,0,0
105.86,40.628,0,0,0
31.087,16.492,3.7,1,0
136.93,60.563,0,0,0
21.71,48.865,0,0,0
110.91,24.447,3.7,1,0
81.265,43.392,0,0,0
36.981,41.22,0,0,0
59.086,39.058,11.1,3,0
27.476,20.426,0,0,0
41.419,19.2,0,0,0
64.441,17.049,3.7,1,0
115.92,41.185,7.4,2,0
40.129,44.831,0,0,0
134.06,29.762,0,0,0
35.707,19.367,0,0,0
60.451,36.952,0,0,0
106.72,42.701,11.1,3,0
22.569,4.2791,0,0,0
59.187,15.188,3.7,1,0
128.88,47.548,11.1,3,0
22.675,34.3,0,0,0
146.54,45.764,3.7,1,0
129.15,73.41200000000001,0,0,0
114.33,26.019,3.7,1,0
106.3,24.247,3.7,1,0
133.12,68.598,7.4,2,0
143.92,42.755,3.7,1,0
75.89400000000001,27.758,0,0,0
139.43,53.933,0,0,0
135.03,30.609,0,0,0
143.52,54.802,0,0,0
84.33199999999999,40.562,11.1,3,0
101.73,8.9803,0,0,0
101.27,22.074,3.7,1,0
142.28,40.649,3.7,1,0
14.781,41.856,0,0,0
21.619,33.854,3.7,1,0
72.267,61.657,0,0,0
35.253,22.633,0,0,0
23.219,22.499,0,0,0
3.1791,57.189,0,0,0
92.371,41.509,11.1,3,0
128.13,52.083,0,0,0
61.252,37.554,7.4,2,0
108.99,49.877,11.1,3,0
143.84,18.05,0,0,0
87.986,11.711,0,0,0
117.3,39.814,7.4,2,0
72.176,46.123,0,0,0
133,14.785,0,0,0
75.248,55.171,7.4,2,0
103.94,25.718,3.7,1,0
108.27,50.044,7.4,2,0
79.857,38.768,3.7,1,0
112.18,44.138,11.1,3,0
79.09999999999999,35.926,0,0,0
142.41,48.918,3.7,1,0
21.155,33.553,0,0,0
114.2,22.72,0,0,0
143.84,23.298,0,0,0
147.38,23.443,0,0,0
81.164,37.375,7.4,2,0
21.923,37.911,0,0,0
61.422,21.596,3.7,1,0
85.346,38.968,0,0,0
55.752,17.774,3.7,1,0
67.605,27.87,0,0,0
78.51300000000001,23.078,3.7,1,0
133.21,13.615,0,0,0
144.22,22.073,0,0,0
126.15,46.333,11.1,3,0
150.75,24.914,0,0,0
122.51,25.506,3.7,1,0
120.12,24.703,0,0,0
135.18,48.472,0,0,0
110.17,52.329,3.7,1,0
78.251,26.499,3.7,1,0
81.196,40.272,11.1,3,0
91.672,14.575,0,0,0
77.414,52.319,0,0,0
93.779,26.075,0,0,0
52.12,23.457,0,0,0
135.6,55.626,0,0,0
140.74,42.845,0,0,0
54.941,18.364,3.7,1,0
85.43600000000001,23.601,3.7,1,0
119.2,47.849,0,0,0
111.26,47.091,0,0,0
58.462,38.189,11.1,3,0
35.973,64.923,0,0,0
79.17400000000001,43.738,7.4,2,0
140.91,47.592,0,0,0
72.459,36.784,7.4,2,0
109.98,22.865,3.7,1,0
78.854,37.219,7.4,2,0
115.69,43.447,11.1,3,0
146.36,48.26,0,0,0
107.49,41.007,7.4,2,0
124.08,47.737,0,0,0
146.34,40.014,0,0,0
71.904,25.663,0,0,0
62.884,16.904,3.7,1,0
76.15000000000001,37.03,7.4,2,0
126.43,31.066,3.7,1,0
68.613,37.732,3.7,1,0
91.224,9.9055,0,0,0
135.73,62.491,7.4,2,0
54.771,4.9585,0,0,0
25.865,2.4849,0,0,0
15.986,42.424,0,0,0
72.896,19.512,3.7,1,0
102.05,27.245,3.7,1,0
137.77,55.303,7.4,2,0
66.81,38.88,3.7,1,0
72.09099999999999,46.301,0,0,0
90.49299999999999,42.111,11.1,3,0
107.18,54.736,0,0,0
83.938,34.099,0,0,0
91.667,8.1225,0,0,0
52.136,25.441,0,0,0
79.404,44.618,11.1,3,0
75.878,38.478,11.1,3,0
135.61,47.681,7.4,2,0
102.15,22.052,0,0,0
146.81,19.331,0,0,0
132.5,67.96299999999999,7.4,2,0
133.36,27.444,0,0,0
39.67,20.003,0,0,0
130.89,42.867,0,0,0
135.98,62.703,0,0,0
76.19799999999999,40.027,11.1,3,0
71.77,44.429,7.4,2,0
103.23,64.676,7.4,2,0
117.26,47.125,0,0,0
142.76,51.18,3.7,1,0
18.685,38.512,0,0,0
98.03,40.461,3.7,1,0
79.22799999999999,40.239,7.4,2,0
110.05,23.723,0,0,0
120.3,41.675,7.4,2,0
30.687,20.047,0,0,0
35.509,36.25,3.7,1,0
110.19,28.793,0,0,0
96.126,10.307,0,0,0
61.668,37.052,0,0,0
142.99,49.553,11.1,3,0
113.55,22.508,0,0,0
23.363,2.2732,0,0,0
46.124,34.445,3.7,1,0
137.34,43.836,0,0,0
60.846,32.439,0,0,0
141.65,20.513,0,0,0
110.7,51.081,3.7,1,0
78.721,46.724,7.4,2,0
63.439,38.646,11.1,3,0
96.473,49.32,0,0,0
130.96,54.457,0,0,0
55.651,32.483,3.7,1,0
37.931,33.932,0,0,0
90.45099999999999,21.105,3.7,1,0
119.02,26.085,3.7,1,0
84.45,22.297,3.7,1,0
57.459,20.415,3.7,1,0
133.97,66.614,7.4,2,0
137.51,59.259,0,0,0
131.33,29.082,0,0,0
114.83,43.77,3.7,1,0
50.877,4.6242,0,0,0
36.661,35.102,0,0,0
64.639,37.498,11.1,3,0
46.071,19.668,0,0,0
132.06,57.242,0,0,0
119.26,9.949199999999999,0,0,0
86.23099999999999,20.715,3.7,1,0
36.389,36.885,0,0,0
142.04,51.759,11.1,3,0
100.65,43.682,11.1,3,0
123.26,41.564,7.4,2,0
109.78,18.252,0,0,0
111.31,62.224,0,0,0
119.47,27.657,0,0,0
125.87,17.627,3.7,1,0
47.298,63.039,0,0,0
141.62,47.759,7.4,2,0
139.9,38.577,3.7,1,0
114.99,27.278,0,0,0
118.2,31.646,0,0,0
113.36,44.907,3.7,1,0
89.41,25.674,0,0,0
86.759,23.924,0,0,0
61.129,23.134,0,0,0
101.81,40.807,3.7,1,0
77.76600000000001,53.589,3.7,1,0
129.94,39.468,0,0,0
94.803,24.593,3.7,1,0
78.246,47.315,11.1,3,0
132.6,35.457,3.7,1,0
109.37,47.415,7.4,2,0
76.68899999999999,53.4,3.7,1,0
144.23,20.78,0,0,0
57.235,13.896,3.7,1,0
103.23,65.768,0,0,0
140.21,27.199,0,0,0
144.77,48.784,11.1,3,0
131.27,36.337,0,0,0
108.73,26.765,0,0,0
111.11,44.851,11.1,3,0
106.95,55.594,7.4,2,0
129.36,33.273,0,0,0
174.98,51.468,0,0,0
140.32,51.793,11.1,3,0
7.8571,46.759,0,0,0
133.61,22.508,0,0,0
45.324,35.425,3.7,1,0
114.08,23.667,3.7,1,0
112.4,22.464,3.7,1,0
143.88,38.186,3.7,1,0
129.58,44.182,0,0,0
133.19,66.313,7.4,2,0
83.22799999999999,37.954,3.7,1,0
110.91,19.667,0,0,0
77.515,39.303,7.4,2,0
91.539,41.23,11.1,3,0
90.968,42.334,11.1,3,0
101.1,24.893,3.7,1,0
141.69,49.129,3.7,1,0
102.45,40.873,3.7,1,0
70.88500000000001,48.697,0,0,0
107.89,54.937,0,0,0
110.58,48.005,11.1,3,0
137.7,47.425,7.4,2,0
124.36,51.548,0,0,0
98.276,24.76,3.7,1,0
23.715,15.969,0,0,0
92.36,8.1782,0,0,0
127.15,31.189,3.7,1,0
54.035,4.8916,0,0,0
123.05,39.034,0,0,0
119.29,42.5,0,0,0
137.1,57.799,11.1,3,0
122.49,17.828,3.7,1,0
53.971,21.919,0,0,0
73.36,36.84,7.4,2,0
136.31,57.577,0,0,0
133.64,67.39400000000001,11.1,3,0
141.56,22.318,0,0,0
85.943,48.44,0,0,0
84.97199999999999,7.5432,0,0,0
79.292,50.068,3.7,1,0
74.005,59.673,3.7,1,0
14.189,35.704,0,0,0
151.06,39.924,3.7,1,0
61.044,26.098,0,0,0
110.21,13.527,0,0,0
109.78,44.027,11.1,3,0
146.07,31.533,3.7,1,0
75.979,38.467,7.4,2,0
132.87,45.575,0,0,0
97.289,10.407,0,0,0
104.02,20.904,0,0,0
102.55,29.083,0,0,0
57.112,24.66,3.7,1,0
143.02,52.517,11.1,3,0
105.7,58.202,0,0,0
162.87,46.242,0,0,0
125.14,44.74,11.1,3,0
83.303,38.801,0,0,0
137.94,32.214,0,0,0
26.457,23.691,0,0,0
16.146,39.527,0,0,0
132.27,49.063,11.1,3,0
41.185,43.839,0,0,0
138.12,19.666,0,0,0
139.17,34.197,0,0,0
127.67,10.64,0,0,0
56.264,37.999,3.7,1,0
111.98,23.578,0,0,0
87.367,17.873,0,0,0
19.667,12.202,0,0,0
105.71,42.266,11.1,3,0
76.48,51.728,0,0,0
125.91,10.495,0,0,0
144.68,44.962,3.7,1,0
57.651,18.097,3.7,1,0
132.49,44.884,0,0,0
135.87,28.525,0,0,0
142.34,22.652,0,0,0
137.34,55.281,0,0,0
102.99,64.565,0,0,0
21.384,10.809,0,0,0
82.801,39.815,0,0,0
67.477,37.52,0,0,0
76.512,38.757,7.4,2,0
121.09,19.923,3.7,1,0
85.468,36.428,0,0,0
168.78,47.724,3.5,1,0
72.89100000000001,38.244,7.4,2,0
81.148,59.216,0,0,0
18.152,42.892,0,0,0
83.858,22.253,3.7,1,0
145.2,37.997,0,0,0
148.92,25.493,0,0,0
39.659,40.072,0,0,0
80.785,44.507,0,0,0
96.53700000000001,17.238,0,0,0
115.45,41.631,7.4,2,0
128.32,44.829,7.4,2,0
142.77,48.149,7.4,2,0
77.45099999999999,27.936,0,0,0
133.68,63.438,0,0,0
134.44,64.051,11.1,3,0
70.59699999999999,42.457,7.4,2,0
125.77,30.609,3.7,1,0
111.61,44.216,7.4,2,0
101.16,45.922,7.4,2,0
71.968,62.37,0,0,0
111.71,40.483,3.7,1,0
102.44,9.036,0,0,0
49.116,34.712,3.7,1,0
76.251,38.467,7.4,2,0
124.89,43.48,7.4,2,0
77.254,28.616,0,0,0
139.91,34.91,3.7,1,0
50.183,6.541,0,0,0
60.974,16.737,3.7,1,0
78.988,38.656,7.4,2,0
57.47,34.277,3.7,1,0
100.05,23.723,3.7,1,0
31.887,34.623,0,0,0
120.99,42.968,11.1,3,0
79.11,35.402,0,0,0
126.72,28.971,3.7,1,0
120.19,45.575,0,0,0
77.089,53.076,0,0,0
142.89,49.787,11.1,3,0
61.689,16.804,3.7,1,0
69.792,50.435,0,0,0
121.36,17.315,3.7,1,0
93.086,41.364,11.1,3,0
87.82599999999999,22.598,3.7,1,0
77.75,34.188,0,0,0
133.14,52.852,0,0,0
125.77,34.131,3.7,1,0
124.13,43.179,7.4,2,0
55.699,28.349,0,0,0
133.2,33.718,3.7,1,0
22.174,43.304,0,0,0
57.747,29.096,3.7,1,0
118.76,43.692,0,0,0
89.36799999999999,39.369,7.4,2,0
13.682,39.794,0,0,0
138.44,35.78,0,0,0
131.83,67.55,0,0,0
120.83,25.316,3.7,1,0
100.76,22.832,0,0,0
64.996,38.01,3.7,1,0
111.11,17.906,0,0,0
70.01000000000001,38.489,3.7,1,0
81.164,40.451,3.7,1,0
63.124,36.149,7.4,2,0
104.31,26.153,0,0,0
74.85899999999999,55.171,11.1,3,0
79.553,46,11.1,3,0
19.171,37.409,0,0,0
107.56,53.232,11.1,3,0
103.71,40.35,7.4,2,0
49.57,37.687,0,0,0
17.288,32.896,0,0,0
56.392,19.791,0,0,0
50.263,4.5797,0,0,0
120.92,17.761,3.7,1,0
134.87,47.391,7.4,2,0
153.4,20.523,0,0,0
112.32,43.793,11.1,3,0
125.5,49.91,0,0,0
101.89,24.927,3.7,1,0
145.78,18.885,0,0,0
133.75,43.658,0,0,0
73.845,56.241,7.4,2,0
98.34999999999999,23.946,3.7,1,0
117.4,25.227,3.7,1,0
100.39,49.944,0,0,0
55.341,37.543,3.7,1,0
118.81,41.107,3.7,1,0
131.84,45.051,7.4,2,0
73.68000000000001,57.913,11.1,3,0
108.11,40.806,0,0,0
71.26900000000001,47.939,0,0,0
16.098,40.786,0,0,0
119.9,39.224,3.7,1,0
16.872,27.09,0,0,0
76.06399999999999,38.211,0,0,0
129.66,15.476,0,0,0
46.273,35.86,3.7,1,0
22.174,19.423,0,0,0
86.642,39.403,3.7,1,0
20.238,32.216,3.7,1,0
121.62,42.299,0,0,0
58.254,19.011,0,0,0
50.098,25.296,0,0,0
25.065,21.496,0,0,0
53.608,26.321,0,0,0
103.94,26.665,3.7,1,0
141.36,49.52,0,0,0
137.74,51.514,11.1,3,0
115.09,26.643,0,0,0
119.86,42.968,7.4,2,0
88.306,37.854,7.4,2,0
60.121,25.998,0,0,0
29.524,22.087,0,0,0
128.64,42.511,0,0,0
78.315,45.755,7.4,2,0
64.943,37.698,7.4,2,0
129.13,26.976,0,0,0
143.87,47.514,11.1,3,0
3.3925,56.71,0,0,0
89.08,40.996,11.1,3,0
66.255,37.643,11.1,3,0
25.476,35.515,0,0,0
96.45099999999999,29.429,0,0,0
135.37,54.579,0,0,0
