73.75653190807489;54.63366094694744;3.7;1;1
73.75653190807489;54.63366094694744;3.7;1;1
73.75653190807489;54.63366094694744;3.7;1;1
76.19958735171623;53.46273478128427;3.7;1;1
76.19958735171623;53.46273478128427;3.7;1;1
76.19958735171623;53.46273478128427;3.7;1;1
76.19958735171623;53.46273478128427;3.7;1;1
76.19958735171623;53.46273478128427;3.7;1;1
76.19958735171623;53.46273478128427;3.7;1;1
78.2089706960079;54.11325034314653;3.7;1;1
78.2089706960079;54.11325034314653;3.7;1;1
78.2089706960079;54.11325034314653;3.7;1;1
78.2089706960079;54.11325034314653;3.7;1;1
78.2089706960079;54.11325034314653;3.7;1;1
78.2089706960079;54.11325034314653;3.7;1;1
78.74383459929479;56.00696588273013;3.7;1;1
78.74383459929479;56.00696588273013;3.7;1;1
78.74383459929479;56.00696588273013;3.7;1;1
78.74383459929479;56.00696588273013;3.7;1;1
78.74383459929479;56.00696588273013;3.7;1;1
78.74383459929479;56.00696588273013;3.7;1;1
89.44122259197603;63.33608391621816;3.7;1;1
89.44122259197603;63.33608391621816;3.7;1;1
89.44122259197603;63.33608391621816;3.7;1;1
89.44122259197603;63.33608391621816;3.7;1;1
89.44122259197603;63.33608391621816;3.7;1;1
89.44122259197603;63.33608391621816;3.7;1;1
87.25837285811886;66.95004323682873;3.7;1;1
87.25837285811886;66.95004323682873;3.7;1;1
87.25837285811886;66.95004323682873;3.7;1;1
87.25837285811886;66.95004323682873;3.7;1;1
87.25837285811886;66.95004323682873;3.7;1;1
87.25837285811886;66.95004323682873;3.7;1;1
86.57894753234575;63.7697583634701;3.7;1;1
86.57894753234575;63.7697583634701;3.7;1;1
86.57894753234575;63.7697583634701;3.7;1;1
86.57894753234575;63.7697583634701;3.7;1;1
86.57894753234575;63.7697583634701;3.7;1;1
86.57894753234575;63.7697583634701;3.7;1;1
83.03723481275432;61.3411764346018;3.7;1;1
83.03723481275432;61.3411764346018;3.7;1;1
83.03723481275432;61.3411764346018;3.7;1;1
83.03723481275432;61.3411764346018;3.7;1;1
83.03723481275432;61.3411764346018;3.7;1;1
83.03723481275432;61.3411764346018;3.7;1;1
78.19448120931725;61.77485243796453;3.7;1;1
78.19448120931725;61.77485243796453;3.7;1;1
78.19448120931725;61.77485243796453;3.7;1;1
78.19448120931725;61.77485243796453;3.7;1;1
78.19448120931725;61.77485243796453;3.7;1;1
78.19448120931725;61.77485243796453;3.7;1;1
81.20133010899332;57.03333430743474;3.7;1;1
81.20133010899332;57.03333430743474;3.7;1;1
81.20133010899332;57.03333430743474;3.7;1;1
81.20133010899332;57.03333430743474;3.7;1;1
81.20133010899332;57.03333430743474;3.7;1;1
81.20133010899332;57.03333430743474;3.7;1;1
72.28198763157495;58.39218023304771;3.7;1;1
72.28198763157495;58.39218023304771;3.7;1;1
72.28198763157495;58.39218023304771;3.7;1;1
72.28198763157495;58.39218023304771;3.7;1;1
72.28198763157495;58.39218023304771;3.7;1;1
72.28198763157495;58.39218023304771;3.7;1;1
73.98061878495456;57.36669825393116;3.7;1;1
73.98061878495456;57.36669825393116;3.7;1;1
73.98061878495456;57.36669825393116;3.7;1;1
73.98061878495456;57.36669825393116;3.7;1;1
73.98061878495456;57.36669825393116;3.7;1;1
73.98061878495456;57.36669825393116;3.7;1;1
71.79416215986313;64.95661431439737;3.7;1;1
71.79416215986313;64.95661431439737;3.7;1;1
71.79416215986313;64.95661431439737;3.7;1;1
71.79416215986313;64.95661431439737;3.7;1;1
71.79416215986313;64.95661431439737;3.7;1;1
71.79416215986313;64.95661431439737;3.7;1;1
72.90727183607305;60.89452565086351;3.7;1;1
72.90727183607305;60.89452565086351;3.7;1;1
72.90727183607305;60.89452565086351;3.7;1;1
72.90727183607305;60.89452565086351;3.7;1;1
72.90727183607305;60.89452565086351;3.7;1;1
72.90727183607305;60.89452565086351;3.7;1;1
75.10457405355201;62.21000455458903;3.7;1;1
75.10457405355201;62.21000455458903;3.7;1;1
75.10457405355201;62.21000455458903;3.7;1;1
75.10457405355201;62.21000455458903;3.7;1;1
75.10457405355201;62.21000455458903;3.7;1;1
75.10457405355201;62.21000455458903;3.7;1;1
69.49565580425828;68.19472332984589;3.7;1;1
69.49565580425828;68.19472332984589;3.7;1;1
69.49565580425828;68.19472332984589;3.7;1;1
69.49565580425828;68.19472332984589;3.7;1;1
69.49565580425828;68.19472332984589;3.7;1;1
69.49565580425828;68.19472332984589;3.7;1;1
66.05513488845197;71.24490469091161;3.7;1;1
66.05513488845197;71.24490469091161;3.7;1;1
66.05513488845197;71.24490469091161;3.7;1;1
66.05513488845197;71.24490469091161;3.7;1;1
66.05513488845197;71.24490469091161;3.7;1;1
66.05513488845197;71.24490469091161;3.7;1;1
67.84768222475823;72.43028174950472;3.7;1;1
67.84768222475823;72.43028174950472;3.7;1;1
67.84768222475823;72.43028174950472;3.7;1;1
67.84768222475823;72.43028174950472;3.7;1;1
67.84768222475823;72.43028174950472;3.7;1;1
67.84768222475823;72.43028174950472;3.7;1;1
71.41829982809213;70.71003841267665;3.7;1;1
71.41829982809213;70.71003841267665;3.7;1;1
71.41829982809213;70.71003841267665;3.7;1;1
71.41829982809213;70.71003841267665;3.7;1;1
71.41829982809213;70.71003841267665;3.7;1;1
71.41829982809213;70.71003841267665;3.7;1;1
73.18193002958809;67.5442121045815;3.7;1;1
73.18193002958809;67.5442121045815;3.7;1;1
73.18193002958809;67.5442121045815;3.7;1;1
73.18193002958809;67.5442121045815;3.7;1;1
73.18193002958809;67.5442121045815;3.7;1;1
73.18193002958809;67.5442121045815;3.7;1;1
76.11649192582117;69.90051188205237;3.7;1;1
76.11649192582117;69.90051188205237;3.7;1;1
76.11649192582117;69.90051188205237;3.7;1;1
76.11649192582117;69.90051188205237;3.7;1;1
76.11649192582117;69.90051188205237;3.7;1;1
76.11649192582117;69.90051188205237;3.7;1;1
74.32395692396868;72.3580032684068;3.7;1;1
74.32395692396868;72.3580032684068;3.7;1;1
74.32395692396868;72.3580032684068;3.7;1;1
74.32395692396868;72.3580032684068;3.7;1;1
69.75586151403148;73.09525098478399;3.7;1;1
69.75586151403148;73.09525098478399;3.7;1;1
69.75586151403148;73.09525098478399;3.7;1;1
69.75586151403148;73.09525098478399;3.7;1;1
69.75586151403148;73.09525098478399;3.7;1;1
69.75586151403148;73.09525098478399;3.7;1;1
72.43021778385928;74.48300925871254;3.7;1;1
72.43021778385928;74.48300925871254;3.7;1;1
72.43021778385928;74.48300925871254;3.7;1;1
72.43021778385928;74.48300925871254;3.7;1;1
72.43021778385928;74.48300925871254;3.7;1;1
72.43021778385928;74.48300925871254;3.7;1;1
75.76954689571861;75.55273970170107;3.7;1;1
75.76954689571861;75.55273970170107;3.7;1;1
75.76954689571861;75.55273970170107;3.7;1;1
75.76954689571861;75.55273970170107;3.7;1;1
75.76954689571861;75.55273970170107;3.7;1;1
75.76954689571861;75.55273970170107;3.7;1;1
77.86566964357206;73.5144694237454;3.7;1;1
77.86566964357206;73.5144694237454;3.7;1;1
77.86566964357206;73.5144694237454;3.7;1;1
77.86566964357206;73.5144694237454;3.7;1;1
77.86566964357206;73.5144694237454;3.7;1;1
77.86566964357206;73.5144694237454;3.7;1;1
81.13271191870447;72.66157720453769;3.7;1;1
81.13271191870447;72.66157720453769;3.7;1;1
81.13271191870447;72.66157720453769;3.7;1;1
81.13271191870447;72.66157720453769;3.7;1;1
81.13271191870447;72.66157720453769;3.7;1;1
81.13271191870447;72.66157720453769;3.7;1;1
79.99069727541134;74.41073088866436;3.7;1;1
79.99069727541134;74.41073088866436;3.7;1;1
79.99069727541134;74.41073088866436;3.7;1;1
79.99069727541134;74.41073088866436;3.7;1;1
79.99069727541134;74.41073088866436;3.7;1;1
79.99069727541134;74.41073088866436;3.7;1;1
73.75653190807489;54.63366094694744;3.7;1;1
73.75653190807489;54.63366094694744;3.7;1;1
73.75653190807489;54.63366094694744;3.7;1;1
6.381370348710267;5.139347892384349;3.7;1;1
6.381370348710267;5.139347892384349;3.7;1;1
6.381370348710267;5.139347892384349;3.7;1;1
6.381370348710267;5.139347892384349;3.7;1;1
6.381370348710267;5.139347892384349;3.7;1;1
6.381370348710267;5.139347892384349;3.7;1;1
9.453076117594199;5.08246457134498;3.7;1;1
9.453076117594199;5.08246457134498;3.7;1;1
9.453076117594199;5.08246457134498;3.7;1;1
9.453076117594199;5.08246457134498;3.7;1;1
9.453076117594199;5.08246457134498;3.7;1;1
9.453076117594199;5.08246457134498;3.7;1;1
5.319542049722013;1.707376526492777;3.7;1;1
5.319542049722013;1.707376526492777;3.7;1;1
5.319542049722013;1.707376526492777;3.7;1;1
5.319542049722013;1.707376526492777;3.7;1;1
5.319542049722013;1.707376526492777;3.7;1;1
5.319542049722013;1.707376526492777;3.7;1;1
3.954336105851124;4.608431036788208;3.7;1;1
3.954336105851124;4.608431036788208;3.7;1;1
3.954336105851124;4.608431036788208;3.7;1;1
3.954336105851124;4.608431036788208;3.7;1;1
3.954336105851124;4.608431036788208;3.7;1;1
3.954336105851124;4.608431036788208;3.7;1;1
3.954336105851124;4.608431036788208;3.7;1;1
3.954336105851124;4.608431036788208;3.7;1;1
3.954336105851124;4.608431036788208;3.7;1;1
8.106831208869826;7.983517746214421;3.7;1;1
8.106831208869826;7.983517746214421;3.7;1;1
8.106831208869826;7.983517746214421;3.7;1;1
8.106831208869826;7.983517746214421;3.7;1;1
8.106831208869826;7.983517746214421;3.7;1;1
8.106831208869826;7.983517746214421;3.7;1;1
4.690928810957247;10.06790923343326;3.7;1;1
4.690928810957247;10.06790923343326;3.7;1;1
4.690928810957247;10.06790923343326;3.7;1;1
4.690928810957247;10.06790923343326;3.7;1;1
4.690928810957247;10.06790923343326;3.7;1;1
4.690928810957247;10.06790923343326;3.7;1;1
2.667092983159638;8.535581875913079;3.7;1;1
2.667092983159638;8.535581875913079;3.7;1;1
2.667092983159638;8.535581875913079;3.7;1;1
2.667092983159638;8.535581875913079;3.7;1;1
2.667092983159638;8.535581875913079;3.7;1;1
2.667092983159638;8.535581875913079;3.7;1;1
0.093928517240293;9.402937219081586;3.7;1;1
0.093928517240293;9.402937219081586;3.7;1;1
0.093928517240293;9.402937219081586;3.7;1;1
0.093928517240293;9.402937219081586;3.7;1;1
0.093928517240293;9.402937219081586;3.7;1;1
0.093928517240293;9.402937219081586;3.7;1;1
2.667086815935277;5.760036527981738;3.7;1;1
2.667086815935277;5.760036527981738;3.7;1;1
2.667086815935277;5.760036527981738;3.7;1;1
2.667086815935277;5.760036527981738;3.7;1;1
2.667086815935277;5.760036527981738;3.7;1;1
2.667086815935277;5.760036527981738;3.7;1;1
4.474086635870552;13.00248500999945;3.7;1;1
4.474086635870552;13.00248500999945;3.7;1;1
4.474086635870552;13.00248500999945;3.7;1;1
4.474086635870552;13.00248500999945;3.7;1;1
4.474086635870552;13.00248500999945;3.7;1;1
4.474086635870552;13.00248500999945;3.7;1;1
7.596585906870611;8.969278116496726;3.7;1;1
7.596585906870611;8.969278116496726;3.7;1;1
7.596585906870611;8.969278116496726;3.7;1;1
7.515571991891584;10.74806847324572;3.7;1;1
7.515571991891584;10.74806847324572;3.7;1;1
7.515571991891584;10.74806847324572;3.7;1;1
7.515571991891584;10.74806847324572;3.7;1;1
7.515571991891584;10.74806847324572;3.7;1;1
7.515571991891584;10.74806847324572;3.7;1;1
6.0450298903818;13.52371067280567;3.7;1;1
6.0450298903818;13.52371067280567;3.7;1;1
6.0450298903818;13.52371067280567;3.7;1;1
6.0450298903818;13.52371067280567;3.7;1;1
6.0450298903818;13.52371067280567;3.7;1;1
6.0450298903818;13.52371067280567;3.7;1;1
7.596993524974468;14.97332479435787;3.7;1;1
7.596993524974468;14.97332479435787;3.7;1;1
7.596993524974468;14.97332479435787;3.7;1;1
7.596993524974468;14.97332479435787;3.7;1;1
7.596993524974468;14.97332479435787;3.7;1;1
7.596993524974468;14.97332479435787;3.7;1;1
9.805715633965201;11.94657542958244;3.7;1;1
9.805715633965201;11.94657542958244;3.7;1;1
9.805715633965201;11.94657542958244;3.7;1;1
9.805715633965201;11.94657542958244;3.7;1;1
9.805715633965201;11.94657542958244;3.7;1;1
9.805715633965201;11.94657542958244;3.7;1;1
24.91017170869111;13.42193851505769;3.7;1;1
24.91017170869111;13.42193851505769;3.7;1;1
24.91017170869111;13.42193851505769;3.7;1;1
17.9857601752289;14.62177914322515;3.7;1;1
17.9857601752289;14.62177914322515;3.7;1;1
17.9857601752289;14.62177914322515;3.7;1;1
17.9857601752289;14.62177914322515;3.7;1;1
17.9857601752289;14.62177914322515;3.7;1;1
17.9857601752289;14.62177914322515;3.7;1;1
20.05296570493868;16.06736600689118;3.7;1;1
20.05296570493868;16.06736600689118;3.7;1;1
20.05296570493868;16.06736600689118;3.7;1;1
20.05296570493868;16.06736600689118;3.7;1;1
20.05296570493868;16.06736600689118;3.7;1;1
20.05296570493868;16.06736600689118;3.7;1;1
20.05296570493868;16.06736600689118;3.7;1;1
20.05296570493868;16.06736600689118;3.7;1;1
20.05296570493868;16.06736600689118;3.7;1;1
22.00452086336984;13.47975442885807;3.7;1;1
22.00452086336984;13.47975442885807;3.7;1;1
22.00452086336984;13.47975442885807;3.7;1;1
22.00452086336984;13.47975442885807;3.7;1;1
22.00452086336984;13.47975442885807;3.7;1;1
22.00452086336984;13.47975442885807;3.7;1;1
20.05295953784685;12.46784445765991;3.7;1;1
20.05295953784685;12.46784445765991;3.7;1;1
20.05295953784685;12.46784445765991;3.7;1;1
20.05295953784685;12.46784445765991;3.7;1;1
20.05295953784685;12.46784445765991;3.7;1;1
20.05295953784685;12.46784445765991;3.7;1;1
12.07327893185813;17.59970415038115;3.7;1;1
12.07327893185813;17.59970415038115;3.7;1;1
12.07327893185813;17.59970415038115;3.7;1;1
12.07327893185813;17.59970415038115;3.7;1;1
12.07327893185813;17.59970415038115;3.7;1;1
12.07327893185813;17.59970415038115;3.7;1;1
13.31917819220252;19.03508109667473;3.7;1;1
13.31917819220252;19.03508109667473;3.7;1;1
13.31917819220252;19.03508109667473;3.7;1;1
13.31917819220252;19.03508109667473;3.7;1;1
13.31917819220252;19.03508109667473;3.7;1;1
13.31917819220252;19.03508109667473;3.7;1;1
16.056248148328;15.35670888969276;3.7;1;1
16.056248148328;15.35670888969276;3.7;1;1
16.056248148328;15.35670888969276;3.7;1;1
16.056248148328;15.35670888969276;3.7;1;1
16.056248148328;15.35670888969276;3.7;1;1
16.056248148328;15.35670888969276;3.7;1;1
14.13016391397683;13.87956123584455;3.7;1;1
14.13016391397683;13.87956123584455;3.7;1;1
14.13016391397683;13.87956123584455;3.7;1;1
14.13016391397683;13.87956123584455;3.7;1;1
14.13016391397683;13.87956123584455;3.7;1;1
14.13016391397683;13.87956123584455;3.7;1;1
17.0699757584253;14.09679208972081;3.7;1;1
17.0699757584253;14.09679208972081;3.7;1;1
17.0699757584253;14.09679208972081;3.7;1;1
17.0699757584253;14.09679208972081;3.7;1;1
17.0699757584253;14.09679208972081;3.7;1;1
17.0699757584253;14.09679208972081;3.7;1;1
18.82227240906972;11.04113148712704;3.7;1;1
18.82227240906972;11.04113148712704;3.7;1;1
18.82227240906972;11.04113148712704;3.7;1;1
18.82227240906972;11.04113148712704;3.7;1;1
18.82227240906972;11.04113148712704;3.7;1;1
18.82227240906972;11.04113148712704;3.7;1;1
16.78033395277297;10.21566972202159;3.7;1;1
16.78033395277297;10.21566972202159;3.7;1;1
16.78033395277297;10.21566972202159;3.7;1;1
16.78033395277297;10.21566972202159;3.7;1;1
16.78033395277297;10.21566972202159;3.7;1;1
16.78033395277297;10.21566972202159;3.7;1;1
15.05700394119381;12.50379633504217;3.7;1;1
15.05700394119381;12.50379633504217;3.7;1;1
15.05700394119381;12.50379633504217;3.7;1;1
15.05700394119381;12.50379633504217;3.7;1;1
15.05700394119381;12.50379633504217;3.7;1;1
15.05700394119381;12.50379633504217;3.7;1;1
11.91443795733714;6.783472297085424;3.7;1;1
11.91443795733714;6.783472297085424;3.7;1;1
11.91443795733714;6.783472297085424;3.7;1;1
11.91443795733714;6.783472297085424;3.7;1;1
11.91443795733714;6.783472297085424;3.7;1;1
11.91443795733714;6.783472297085424;3.7;1;1
10.11869126453058;9.187454127314034;3.7;1;1
10.11869126453058;9.187454127314034;3.7;1;1
10.11869126453058;9.187454127314034;3.7;1;1
10.11869126453058;9.187454127314034;3.7;1;1
10.11869126453058;9.187454127314034;3.7;1;1
10.11869126453058;9.187454127314034;3.7;1;1
12.65300708124884;10.75149016354249;3.7;1;1
12.65300708124884;10.75149016354249;3.7;1;1
12.65300708124884;10.75149016354249;3.7;1;1
12.65300708124884;10.75149016354249;3.7;1;1
12.65300708124884;10.75149016354249;3.7;1;1
12.65300708124884;10.75149016354249;3.7;1;1
14.08671395531223;8.376475501998161;3.7;1;1
14.08671395531223;8.376475501998161;3.7;1;1
14.08671395531223;8.376475501998161;3.7;1;1
14.08671395531223;8.376475501998161;3.7;1;1
14.08671395531223;8.376475501998161;3.7;1;1
14.08671395531223;8.376475501998161;3.7;1;1
18.01128052020387;8.506806741910845;3.7;1;1
18.01128052020387;8.506806741910845;3.7;1;1
18.01128052020387;8.506806741910845;3.7;1;1
18.01128052020387;8.506806741910845;3.7;1;1
18.01128052020387;8.506806741910845;3.7;1;1
18.01128052020387;8.506806741910845;3.7;1;1
22.70339518251951;11.99691804277325;3.7;1;1
22.70339518251951;11.99691804277325;3.7;1;1
22.70339518251951;11.99691804277325;3.7;1;1
22.70339518251951;11.99691804277325;3.7;1;1
22.70339518251951;11.99691804277325;3.7;1;1
22.70339518251951;11.99691804277325;3.7;1;1
20.06769612887507;21.51146283203398;3.7;1;1
20.06769612887507;21.51146283203398;3.7;1;1
20.06769612887507;21.51146283203398;3.7;1;1
20.06769612887507;21.51146283203398;3.7;1;1
20.06769612887507;21.51146283203398;3.7;1;1
20.06769612887507;21.51146283203398;3.7;1;1
21.97929079317023;19.22334522606561;3.7;1;1
21.97929079317023;19.22334522606561;3.7;1;1
21.97929079317023;19.22334522606561;3.7;1;1
21.97929079317023;19.22334522606561;3.7;1;1
21.97929079317023;19.22334522606561;3.7;1;1
21.97929079317023;19.22334522606561;3.7;1;1
30.26373882916276;16.83486919537314;3.7;1;1
30.26373882916276;16.83486919537314;3.7;1;1
30.26373882916276;16.83486919537314;3.7;1;1
24.09828424323812;24.95873562069906;3.7;1;1
24.09828424323812;24.95873562069906;3.7;1;1
24.09828424323812;24.95873562069906;3.7;1;1
24.09828424323812;24.95873562069906;3.7;1;1
24.09828424323812;24.95873562069906;3.7;1;1
24.09828424323812;24.95873562069906;3.7;1;1
28.88558119658818;27.26170531042416;3.7;1;1
28.88558119658818;27.26170531042416;3.7;1;1
28.88558119658818;27.26170531042416;3.7;1;1
28.88558119658818;27.26170531042416;3.7;1;1
28.88558119658818;27.26170531042416;3.7;1;1
28.88558119658818;27.26170531042416;3.7;1;1
27.55101561813545;24.69792558549677;3.7;1;1
27.55101561813545;24.69792558549677;3.7;1;1
27.55101561813545;24.69792558549677;3.7;1;1
27.55101561813545;24.69792558549677;3.7;1;1
27.55101561813545;24.69792558549677;3.7;1;1
27.55101561813545;24.69792558549677;3.7;1;1
29.30392382091358;22.0161355734958;3.7;1;1
29.30392382091358;22.0161355734958;3.7;1;1
29.30392382091358;22.0161355734958;3.7;1;1
29.30392382091358;22.0161355734958;3.7;1;1
29.30392382091358;22.0161355734958;3.7;1;1
29.30392382091358;22.0161355734958;3.7;1;1
32.94458015259056;21.41684907111974;3.7;1;1
32.94458015259056;21.41684907111974;3.7;1;1
32.94458015259056;21.41684907111974;3.7;1;1
32.94458015259056;21.41684907111974;3.7;1;1
32.94458015259056;21.41684907111974;3.7;1;1
32.94458015259056;21.41684907111974;3.7;1;1
28.76456361716788;17.98594773440199;3.7;1;1
28.76456361716788;17.98594773440199;3.7;1;1
28.76456361716788;17.98594773440199;3.7;1;1
28.76456361716788;17.98594773440199;3.7;1;1
28.76456361716788;17.98594773440199;3.7;1;1
28.76456361716788;17.98594773440199;3.7;1;1
30.14292510054274;29.17757877421812;3.7;1;1
30.14292510054274;29.17757877421812;3.7;1;1
30.14292510054274;29.17757877421812;3.7;1;1
30.14292510054274;29.17757877421812;3.7;1;1
30.14292510054274;29.17757877421812;3.7;1;1
30.14292510054274;29.17757877421812;3.7;1;1
34.81735091954626;32.248913302095;3.7;1;1
34.81735091954626;32.248913302095;3.7;1;1
34.81735091954626;32.248913302095;3.7;1;1
34.81735091954626;32.248913302095;3.7;1;1
34.81735091954626;32.248913302095;3.7;1;1
34.81735091954626;32.248913302095;3.7;1;1
33.48394652356028;28.62324348737388;3.7;1;1
33.48394652356028;28.62324348737388;3.7;1;1
33.48394652356028;28.62324348737388;3.7;1;1
33.48394652356028;28.62324348737388;3.7;1;1
33.48394652356028;28.62324348737388;3.7;1;1
33.48394652356028;28.62324348737388;3.7;1;1
35.77620242917004;25.23729625843207;3.7;1;1
35.77620242917004;25.23729625843207;3.7;1;1
35.77620242917004;25.23729625843207;3.7;1;1
35.77620242917004;25.23729625843207;3.7;1;1
35.77620242917004;25.23729625843207;3.7;1;1
35.77620242917004;25.23729625843207;3.7;1;1
34.66752729819125;21.98618699897681;3.7;1;1
34.66752729819125;21.98618699897681;3.7;1;1
34.66752729819125;21.98618699897681;3.7;1;1
34.66752729819125;21.98618699897681;3.7;1;1
34.66752729819125;21.98618699897681;3.7;1;1
34.66752729819125;21.98618699897681;3.7;1;1
38.90747819917902;25.34217486884449;3.7;1;1
38.90747819917902;25.34217486884449;3.7;1;1
38.90747819917902;25.34217486884449;3.7;1;1
38.90747819917902;25.34217486884449;3.7;1;1
38.90747819917902;25.34217486884449;3.7;1;1
38.90747819917902;25.34217486884449;3.7;1;1
41.23031896544792;27.34702373262255;3.7;1;1
41.23031896544792;27.34702373262255;3.7;1;1
41.23031896544792;27.34702373262255;3.7;1;1
41.23031896544792;27.34702373262255;3.7;1;1
41.23031896544792;27.34702373262255;3.7;1;1
41.23031896544792;27.34702373262255;3.7;1;1
44.27278632201858;29.38981886601355;3.7;1;1
44.27278632201858;29.38981886601355;3.7;1;1
44.27278632201858;29.38981886601355;3.7;1;1
44.27278632201858;29.38981886601355;3.7;1;1
44.27278632201858;29.38981886601355;3.7;1;1
44.27278632201858;29.38981886601355;3.7;1;1
46.51382877295533;30.58317782941999;3.7;1;1
46.51382877295533;30.58317782941999;3.7;1;1
46.51382877295533;30.58317782941999;3.7;1;1
46.51382877295533;30.58317782941999;3.7;1;1
46.51382877295533;30.58317782941999;3.7;1;1
46.51382877295533;30.58317782941999;3.7;1;1
41.6999924711334;37.31962657103116;3.7;1;1
41.6999924711334;37.31962657103116;3.7;1;1
41.6999924711334;37.31962657103116;3.7;1;1
41.6999924711334;37.31962657103116;3.7;1;1
41.6999924711334;37.31962657103116;3.7;1;1
41.6999924711334;37.31962657103116;3.7;1;1
46.62948539482159;40.60110972545206;3.7;1;1
46.62948539482159;40.60110972545206;3.7;1;1
46.62948539482159;40.60110972545206;3.7;1;1
46.62948539482159;40.60110972545206;3.7;1;1
46.62948539482159;40.60110972545206;3.7;1;1
46.62948539482159;40.60110972545206;3.7;1;1
46.62948539482159;40.60110972545206;3.7;1;1
46.62948539482159;40.60110972545206;3.7;1;1
46.62948539482159;40.60110972545206;3.7;1;1
45.32845684541683;36.84257798551415;3.7;1;1
45.32845684541683;36.84257798551415;3.7;1;1
45.32845684541683;36.84257798551415;3.7;1;1
45.32845684541683;36.84257798551415;3.7;1;1
45.32845684541683;36.84257798551415;3.7;1;1
45.32845684541683;36.84257798551415;3.7;1;1
47.78596477282068;33.51772058177849;3.7;1;1
47.78596477282068;33.51772058177849;3.7;1;1
47.78596477282068;33.51772058177849;3.7;1;1
47.78596477282068;33.51772058177849;3.7;1;1
47.78596477282068;33.51772058177849;3.7;1;1
47.78596477282068;33.51772058177849;3.7;1;1
51.16866358648553;33.22860521020377;3.7;1;1
51.16866358648553;33.22860521020377;3.7;1;1
51.16866358648553;33.22860521020377;3.7;1;1
51.16866358648553;33.22860521020377;3.7;1;1
51.16866358648553;33.22860521020377;3.7;1;1
51.16866358648553;33.22860521020377;3.7;1;1
58.00634813389153;39.44464290310778;3.7;1;1
58.00634813389153;39.44464290310778;3.7;1;1
58.00634813389153;39.44464290310778;3.7;1;1
58.00634813389153;39.44464290310778;3.7;1;1
58.00634813389153;39.44464290310778;3.7;1;1
58.00634813389153;39.44464290310778;3.7;1;1
59.23511443210468;42.36473276010467;3.7;1;1
59.23511443210468;42.36473276010467;3.7;1;1
59.23511443210468;42.36473276010467;3.7;1;1
59.23511443210468;42.36473276010467;3.7;1;1
59.23511443210468;42.36473276010467;3.7;1;1
59.23511443210468;42.36473276010467;3.7;1;1
53.74185280464948;45.31373229810176;3.7;1;1
53.74185280464948;45.31373229810176;3.7;1;1
53.74185280464948;45.31373229810176;3.7;1;1
53.74185280464948;45.31373229810176;3.7;1;1
53.74185280464948;45.31373229810176;3.7;1;1
53.74185280464948;45.31373229810176;3.7;1;1
57.24019582236232;44.86560139836038;3.7;1;1
57.24019582236232;44.86560139836038;3.7;1;1
57.24019582236232;44.86560139836038;3.7;1;1
57.24019582236232;44.86560139836038;3.7;1;1
57.24019582236232;44.86560139836038;3.7;1;1
57.24019582236232;44.86560139836038;3.7;1;1
58.30992346234759;47.69895643352695;3.7;1;1
58.30992346234759;47.69895643352695;3.7;1;1
58.30992346234759;47.69895643352695;3.7;1;1
58.30992346234759;47.69895643352695;3.7;1;1
58.30992346234759;47.69895643352695;3.7;1;1
58.30992346234759;47.69895643352695;3.7;1;1
62.35759520153674;42.29245250008917;3.7;1;1
62.35759520153674;42.29245250008917;3.7;1;1
62.35759520153674;42.29245250008917;3.7;1;1
62.35759520153674;42.29245250008917;3.7;1;1
62.35759520153674;42.29245250008917;3.7;1;1
62.35759520153674;42.29245250008917;3.7;1;1
64.81511546311316;43.0875265816727;3.7;1;1
64.81511546311316;43.0875265816727;3.7;1;1
64.81511546311316;43.0875265816727;3.7;1;1
64.81511546311316;43.0875265816727;3.7;1;1
64.81511546311316;43.0875265816727;3.7;1;1
64.81511546311316;43.0875265816727;3.7;1;1
67.73518787266381;44.83668437959044;3.7;1;1
67.73518787266381;44.83668437959044;3.7;1;1
67.73518787266381;44.83668437959044;3.7;1;1
67.87974937851702;44.76440400711057;3.7;1;1
67.87974937851702;44.76440400711057;3.7;1;1
67.87974937851702;44.76440400711057;3.7;1;1
65.43669393473624;46.20999720980612;3.7;1;1
65.43669393473624;46.20999720980612;3.7;1;1
65.43669393473624;46.20999720980612;3.7;1;1
65.43669393473624;46.20999720980612;3.7;1;1
65.43669393473624;46.20999720980612;3.7;1;1
65.43669393473624;46.20999720980612;3.7;1;1
63.58632441303805;48.84096646952531;3.7;1;1
63.58632441303805;48.84096646952531;3.7;1;1
63.58632441303805;48.84096646952531;3.7;1;1
63.58632441303805;48.84096646952531;3.7;1;1
63.58632441303805;48.84096646952531;3.7;1;1
63.58632441303805;48.84096646952531;3.7;1;1
60.11691094781897;49.08671504131201;3.7;1;1
60.11691094781897;49.08671504131201;3.7;1;1
60.11691094781897;49.08671504131201;3.7;1;1
60.11691094781897;49.08671504131201;3.7;1;1
60.11691094781897;49.08671504131201;3.7;1;1
60.11691094781897;49.08671504131201;3.7;1;1
64.43924079715765;51.74659720601005;3.7;1;1
64.43924079715765;51.74659720601005;3.7;1;1
64.43924079715765;51.74659720601005;3.7;1;1
64.43924079715765;51.74659720601005;3.7;1;1
64.43924079715765;51.74659720601005;3.7;1;1
64.43924079715765;51.74659720601005;3.7;1;1
75.1222133925986;47.58330370169961;3.7;1;1
75.1222133925986;47.58330370169961;3.7;1;1
75.1222133925986;47.58330370169961;3.7;1;1
75.1222133925986;47.58330370169961;3.7;1;1
75.1222133925986;47.58330370169961;3.7;1;1
75.1222133925986;47.58330370169961;3.7;1;1
71.8551465320582;53.11990258599164;3.7;1;1
71.8551465320582;53.11990258599164;3.7;1;1
71.8551465320582;53.11990258599164;3.7;1;1
71.8551465320582;53.11990258599164;3.7;1;1
71.8551465320582;53.11990258599164;3.7;1;1
71.8551465320582;53.11990258599164;3.7;1;1
71.8551465320582;53.11990258599164;3.7;1;1
71.8551465320582;53.11990258599164;3.7;1;1
71.8551465320582;53.11990258599164;3.7;1;1
69.0199357823271;51.08874711537703;3.7;1;1
69.0199357823271;51.08874711537703;3.7;1;1
69.0199357823271;51.08874711537703;3.7;1;1
69.0199357823271;51.08874711537703;3.7;1;1
69.0199357823271;51.08874711537703;3.7;1;1
69.0199357823271;51.08874711537703;3.7;1;1
69.0199357823271;51.08874711537703;3.7;1;1
69.0199357823271;51.08874711537703;3.7;1;1
69.0199357823271;51.08874711537703;3.7;1;1
69.15006955669969;51.03669087690443;3.7;1;1
69.15006955669969;51.03669087690443;3.7;1;1
69.15006955669969;51.03669087690443;3.7;1;1
70.191126999483;48.09571349747765;3.7;1;1
70.191126999483;48.09571349747765;3.7;1;1
70.191126999483;48.09571349747765;3.7;1;1
70.191126999483;48.09571349747765;3.7;1;1
70.191126999483;48.09571349747765;3.7;1;1
70.191126999483;48.09571349747765;3.7;1;1
66.41728588329538;53.2229063382388;3.7;1;1
66.41728588329538;53.2229063382388;3.7;1;1
66.41728588329538;53.2229063382388;3.7;1;1
66.41728588329538;53.2229063382388;3.7;1;1
66.41728588329538;53.2229063382388;3.7;1;1
66.41728588329538;53.2229063382388;3.7;1;1
70.21716613866568;55.40912113327479;3.7;1;1
70.21716613866568;55.40912113327479;3.7;1;1
70.21716613866568;55.40912113327479;3.7;1;1
70.21716613866568;55.40912113327479;3.7;1;1
70.21716613866568;55.40912113327479;3.7;1;1
70.21716613866568;55.40912113327479;3.7;1;1
73.80883237218525;49.68332808451115;3.7;1;1
73.80883237218525;49.68332808451115;3.7;1;1
73.80883237218525;49.68332808451115;3.7;1;1
73.80883237218525;49.68332808451115;3.7;1;1
73.80883237218525;49.68332808451115;3.7;1;1
73.80883237218525;49.68332808451115;3.7;1;1
6.303067748497353;0.3657887212219491;3.7;1;1
6.303067748497353;0.3657887212219491;3.7;1;1
6.303067748497353;0.3657887212219491;3.7;1;1
6.303067748497353;0.3657887212219491;3.7;1;1
6.303067748497353;0.3657887212219491;3.7;1;1
6.303067748497353;0.3657887212219491;3.7;1;1
10.38497440990942;3.080987915662359;3.7;1;1
10.38497440990942;3.080987915662359;3.7;1;1
10.38497440990942;3.080987915662359;3.7;1;1
10.38497440990942;3.080987915662359;3.7;1;1
10.38497440990942;3.080987915662359;3.7;1;1
10.38497440990942;3.080987915662359;3.7;1;1
14.32109671102183;5.978410242675648;3.7;1;1
14.32109671102183;5.978410242675648;3.7;1;1
14.32109671102183;5.978410242675648;3.7;1;1
14.32109671102183;5.978410242675648;3.7;1;1
14.32109671102183;5.978410242675648;3.7;1;1
14.32109671102183;5.978410242675648;3.7;1;1
35.23342068333085;20.01027850482584;3.7;1;1
35.23342068333085;20.01027850482584;3.7;1;1
35.23342068333085;20.01027850482584;3.7;1;1
35.23342068333085;20.01027850482584;3.7;1;1
35.23342068333085;20.01027850482584;3.7;1;1
35.23342068333085;20.01027850482584;3.7;1;1
39.35337309190608;22.90146835629503;3.7;1;1
39.35337309190608;22.90146835629503;3.7;1;1
39.35337309190608;22.90146835629503;3.7;1;1
39.35337309190608;22.90146835629503;3.7;1;1
39.35337309190608;22.90146835629503;3.7;1;1
39.35337309190608;22.90146835629503;3.7;1;1
44.87555193768399;26.83347607963038;3.7;1;1
44.87555193768399;26.83347607963038;3.7;1;1
44.87555193768399;26.83347607963038;3.7;1;1
44.87555193768399;26.83347607963038;3.7;1;1
44.87555193768399;26.83347607963038;3.7;1;1
44.87555193768399;26.83347607963038;3.7;1;1
50.31097912894111;30.91004866030189;3.7;1;1
50.31097912894111;30.91004866030189;3.7;1;1
50.31097912894111;30.91004866030189;3.7;1;1
50.31097912894111;30.91004866030189;3.7;1;1
50.31097912894111;30.91004866030189;3.7;1;1
50.31097912894111;30.91004866030189;3.7;1;1
55.87652767648623;34.17708236756123;3.7;1;1
55.87652767648623;34.17708236756123;3.7;1;1
55.87652767648623;34.17708236756123;3.7;1;1
55.87652767648623;34.17708236756123;3.7;1;1
55.87652767648623;34.17708236756123;3.7;1;1
55.87652767648623;34.17708236756123;3.7;1;1
62.46844666327053;39.36675141295387;3.7;1;1
62.46844666327053;39.36675141295387;3.7;1;1
62.46844666327053;39.36675141295387;3.7;1;1
62.46844666327053;39.36675141295387;3.7;1;1
62.46844666327053;39.36675141295387;3.7;1;1
62.46844666327053;39.36675141295387;3.7;1;1
70.96855719039884;44.2672987484496;3.7;1;1
70.96855719039884;44.2672987484496;3.7;1;1
70.96855719039884;44.2672987484496;3.7;1;1
75.85469274658169;45.65506102582685;3.7;1;1
75.85469274658169;45.65506102582685;3.7;1;1
75.85469274658169;45.65506102582685;3.7;1;1
75.85469274658169;45.65506102582685;3.7;1;1
75.85469274658169;45.65506102582685;3.7;1;1
75.85469274658169;45.65506102582685;3.7;1;1
77.32920001986612;42.63378133886398;3.7;1;1
77.32920001986612;42.63378133886398;3.7;1;1
77.32920001986612;42.63378133886398;3.7;1;1
77.32920001986612;42.63378133886398;3.7;1;1
77.32920001986612;42.63378133886398;3.7;1;1
77.32920001986612;42.63378133886398;3.7;1;1
78.55795390025862;45.59723933036752;3.7;1;1
78.55795390025862;45.59723933036752;3.7;1;1
78.55795390025862;45.59723933036752;3.7;1;1
78.55795390025862;45.59723933036752;3.7;1;1
78.55795390025862;45.59723933036752;3.7;1;1
78.55795390025862;45.59723933036752;3.7;1;1
81.14559560174466;47.30303322003405;3.7;1;1
81.14559560174466;47.30303322003405;3.7;1;1
81.14559560174466;47.30303322003405;3.7;1;1
81.14559560174466;47.30303322003405;3.7;1;1
81.14559560174466;47.30303322003405;3.7;1;1
81.14559560174466;47.30303322003405;3.7;1;1
84.32589847331164;47.50541543623166;3.7;1;1
84.32589847331164;47.50541543623166;3.7;1;1
84.32589847331164;47.50541543623166;3.7;1;1
84.32589847331164;47.50541543623166;3.7;1;1
84.32589847331164;47.50541543623166;3.7;1;1
84.32589847331164;47.50541543623166;3.7;1;1
82.62010279179448;50.19420594721126;3.7;1;1
82.62010279179448;50.19420594721126;3.7;1;1
82.62010279179448;50.19420594721126;3.7;1;1
82.62010279179448;50.19420594721126;3.7;1;1
82.62010279179448;50.19420594721126;3.7;1;1
82.62010279179448;50.19420594721126;3.7;1;1
89.53006184139903;52.78180751732997;3.7;1;1
89.53006184139903;52.78180751732997;3.7;1;1
89.53006184139903;52.78180751732997;3.7;1;1
89.53006184139903;52.78180751732997;3.7;1;1
89.53006184139903;52.78180751732997;3.7;1;1
89.53006184139903;52.78180751732997;3.7;1;1
86.50876054162019;48.79198599367562;3.7;1;1
86.50876054162019;48.79198599367562;3.7;1;1
86.50876054162019;48.79198599367562;3.7;1;1
86.50876054162019;48.79198599367562;3.7;1;1
86.50876054162019;48.79198599367562;3.7;1;1
86.50876054162019;48.79198599367562;3.7;1;1
87.7085972870688;55.1236567357274;3.7;1;1
87.7085972870688;55.1236567357274;3.7;1;1
87.7085972870688;55.1236567357274;3.7;1;1
87.7085972870688;55.1236567357274;3.7;1;1
87.7085972870688;55.1236567357274;3.7;1;1
87.7085972870688;55.1236567357274;3.7;1;1
85.91606220186026;57.75462277146792;3.7;1;1
85.91606220186026;57.75462277146792;3.7;1;1
85.91606220186026;57.75462277146792;3.7;1;1
85.91606220186026;57.75462277146792;3.7;1;1
85.91606220186026;57.75462277146792;3.7;1;1
85.91606220186026;57.75462277146792;3.7;1;1
93.01394012450622;53.92381988961647;3.7;1;1
93.01394012450622;53.92381988961647;3.7;1;1
93.01394012450622;53.92381988961647;3.7;1;1
93.01394012450622;53.92381988961647;3.7;1;1
93.01394012450622;53.92381988961647;3.7;1;1
93.01394012450622;53.92381988961647;3.7;1;1
90.41187077491657;60.80480702407043;3.7;1;1
90.41187077491657;60.80480702407043;3.7;1;1
90.41187077491657;60.80480702407043;3.7;1;1
90.41187077491657;60.80480702407043;3.7;1;1
90.41187077491657;60.80480702407043;3.7;1;1
90.41187077491657;60.80480702407043;3.7;1;1
81.39133649359103;55.28266948411431;3.7;1;1
81.39133649359103;55.28266948411431;3.7;1;1
81.39133649359103;55.28266948411431;3.7;1;1
81.39133649359103;55.28266948411431;3.7;1;1
81.39133649359103;55.28266948411431;3.7;1;1
81.39133649359103;55.28266948411431;3.7;1;1
68.81464934346252;36.33100749011831;3.7;1;1
68.81464934346252;36.33100749011831;3.7;1;1
68.81464934346252;36.33100749011831;3.7;1;1
68.81464934346252;36.33100749011831;3.7;1;1
68.81464934346252;36.33100749011831;3.7;1;1
68.81464934346252;36.33100749011831;3.7;1;1
66.83418321746811;39.09208248666152;3.7;1;1
66.83418321746811;39.09208248666152;3.7;1;1
66.83418321746811;39.09208248666152;3.7;1;1
66.83418321746811;39.09208248666152;3.7;1;1
66.83418321746811;39.09208248666152;3.7;1;1
66.83418321746811;39.09208248666152;3.7;1;1
70.43371803910699;41.56404133286729;3.7;1;1
70.43371803910699;41.56404133286729;3.7;1;1
70.43371803910699;41.56404133286729;3.7;1;1
70.43371803910699;41.56404133286729;3.7;1;1
70.43371803910699;41.56404133286729;3.7;1;1
70.43371803910699;41.56404133286729;3.7;1;1
72.39973176498611;39.07762703432694;3.7;1;1
72.39973176498611;39.07762703432694;3.7;1;1
72.39973176498611;39.07762703432694;3.7;1;1
72.39973176498611;39.07762703432694;3.7;1;1
72.39973176498611;39.07762703432694;3.7;1;1
72.39973176498611;39.07762703432694;3.7;1;1
76.08600599044469;41.18819047245659;3.7;1;1
76.08600599044469;41.18819047245659;3.7;1;1
76.08600599044469;41.18819047245659;3.7;1;1
76.08600599044469;41.18819047245659;3.7;1;1
76.08600599044469;41.18819047245659;3.7;1;1
76.08600599044469;41.18819047245659;3.7;1;1
74.26455368692434;43.66014553802045;3.7;1;1
74.26455368692434;43.66014553802045;3.7;1;1
74.26455368692434;43.66014553802045;3.7;1;1
74.26455368692434;43.66014553802045;3.7;1;1
74.26455368692434;43.66014553802045;3.7;1;1
74.26455368692434;43.66014553802045;3.7;1;1
64.37666295562815;34.85649204224251;3.7;1;1
64.37666295562815;34.85649204224251;3.7;1;1
64.37666295562815;34.85649204224251;3.7;1;1
64.37666295562815;34.85649204224251;3.7;1;1
64.37666295562815;34.85649204224251;3.7;1;1
64.37666295562815;34.85649204224251;3.7;1;1
66.76189629738339;35.02996380079914;3.7;1;1
66.76189629738339;35.02996380079914;3.7;1;1
66.76189629738339;35.02996380079914;3.7;1;1
66.76189629738339;35.02996380079914;3.7;1;1
66.76189629738339;35.02996380079914;3.7;1;1
66.76189629738339;35.02996380079914;3.7;1;1
63.03226478794523;32.34116139193787;3.7;1;1
63.03226478794523;32.34116139193787;3.7;1;1
63.03226478794523;32.34116139193787;3.7;1;1
63.03226478794523;32.34116139193787;3.7;1;1
63.03226478794523;32.34116139193787;3.7;1;1
63.03226478794523;32.34116139193787;3.7;1;1
61.72435590131695;34.64362836946056;3.7;1;1
61.72435590131695;34.64362836946056;3.7;1;1
61.72435590131695;34.64362836946056;3.7;1;1
61.72435590131695;34.64362836946056;3.7;1;1
61.72435590131695;34.64362836946056;3.7;1;1
61.72435590131695;34.64362836946056;3.7;1;1
64.77723022957129;37.08591207032652;3.7;1;1
64.77723022957129;37.08591207032652;3.7;1;1
64.77723022957129;37.08591207032652;3.7;1;1
64.77723022957129;37.08591207032652;3.7;1;1
64.77723022957129;37.08591207032652;3.7;1;1
64.77723022957129;37.08591207032652;3.7;1;1
81.05660808950687;63.86779470449356;3.7;1;1
81.05660808950687;63.86779470449356;3.7;1;1
81.05660808950687;63.86779470449356;3.7;1;1
81.05660808950687;63.86779470449356;3.7;1;1
81.05660808950687;63.86779470449356;3.7;1;1
81.05660808950687;63.86779470449356;3.7;1;1
88.99897792737825;65.7791453145765;3.7;1;1
88.99897792737825;65.7791453145765;3.7;1;1
88.99897792737825;65.7791453145765;3.7;1;1
88.99897792737825;65.7791453145765;3.7;1;1
88.99897792737825;65.7791453145765;3.7;1;1
88.99897792737825;65.7791453145765;3.7;1;1
84.54531611829165;65.87192880697302;3.7;1;1
84.54531611829165;65.87192880697302;3.7;1;1
84.54531611829165;65.87192880697302;3.7;1;1
84.54531611829165;65.87192880697302;3.7;1;1
84.54531611829165;65.87192880697302;3.7;1;1
84.54531611829165;65.87192880697302;3.7;1;1
87.88555939149519;61.62242220729399;3.7;1;1
87.88555939149519;61.62242220729399;3.7;1;1
87.88555939149519;61.62242220729399;3.7;1;1
87.88555939149519;61.62242220729399;3.7;1;1
87.88555939149519;61.62242220729399;3.7;1;1
87.88555939149519;61.62242220729399;3.7;1;1
84.48964336638572;59.35849094283652;3.7;1;1
84.48964336638572;59.35849094283652;3.7;1;1
84.48964336638572;59.35849094283652;3.7;1;1
84.48964336638572;59.35849094283652;3.7;1;1
84.48964336638572;59.35849094283652;3.7;1;1
84.48964336638572;59.35849094283652;3.7;1;1
79.88751671835004;59.43271667095929;3.7;1;1
79.88751671835004;59.43271667095929;3.7;1;1
79.88751671835004;59.43271667095929;3.7;1;1
79.88751671835004;59.43271667095929;3.7;1;1
79.88751671835004;59.43271667095929;3.7;1;1
79.88751671835004;59.43271667095929;3.7;1;1
68.06009610518927;55.57495235457998;3.7;1;1
68.06009610518927;55.57495235457998;3.7;1;1
68.06009610518927;55.57495235457998;3.7;1;1
68.06009610518927;55.57495235457998;3.7;1;1
68.06009610518927;55.57495235457998;3.7;1;1
68.06009610518927;55.57495235457998;3.7;1;1
69.65344677241607;53.74986376611102;3.7;1;1
69.65344677241607;53.74986376611102;3.7;1;1
69.65344677241607;53.74986376611102;3.7;1;1
69.65344677241607;53.74986376611102;3.7;1;1
69.65344677241607;53.74986376611102;3.7;1;1
69.65344677241607;53.74986376611102;3.7;1;1
71.81171507480214;50.76598438162983;3.7;1;1
71.81171507480214;50.76598438162983;3.7;1;1
71.81171507480214;50.76598438162983;3.7;1;1
71.81171507480214;50.76598438162983;3.7;1;1
71.81171507480214;50.76598438162983;3.7;1;1
71.81171507480214;50.76598438162983;3.7;1;1
72.62058236566745;47.69350910500202;3.7;1;1
72.62058236566745;47.69350910500202;3.7;1;1
72.62058236566745;47.69350910500202;3.7;1;1
72.62058236566745;47.69350910500202;3.7;1;1
72.62058236566745;47.69350910500202;3.7;1;1
72.62058236566745;47.69350910500202;3.7;1;1
83.31126295245949;48.8997919215216;3.7;1;1
83.31126295245949;48.8997919215216;3.7;1;1
83.31126295245949;48.8997919215216;3.7;1;1
83.31126295245949;48.8997919215216;3.7;1;1
83.31126295245949;48.8997919215216;3.7;1;1
83.31126295245949;48.8997919215216;3.7;1;1
76.18283733880133;43.71292131929572;3.7;1;1
76.18283733880133;43.71292131929572;3.7;1;1
76.18283733880133;43.71292131929572;3.7;1;1
76.18283733880133;43.71292131929572;3.7;1;1
76.18283733880133;43.71292131929572;3.7;1;1
76.18283733880133;43.71292131929572;3.7;1;1
77.88512488752535;46.90870654297341;3.7;1;1
77.88512488752535;46.90870654297341;3.7;1;1
77.88512488752535;46.90870654297341;3.7;1;1
77.88512488752535;46.90870654297341;3.7;1;1
77.88512488752535;46.90870654297341;3.7;1;1
77.88512488752535;46.90870654297341;3.7;1;1
79.50710874859838;44.06622262767745;3.7;1;1
79.50710874859838;44.06622262767745;3.7;1;1
79.50710874859838;44.06622262767745;3.7;1;1
79.50710874859838;44.06622262767745;3.7;1;1
79.50710874859838;44.06622262767745;3.7;1;1
79.50710874859838;44.06622262767745;3.7;1;1
82.18901241266812;45.89697426194505;3.7;1;1
82.18901241266812;45.89697426194505;3.7;1;1
82.18901241266812;45.89697426194505;3.7;1;1
82.18901241266812;45.89697426194505;3.7;1;1
82.18901241266812;45.89697426194505;3.7;1;1
82.18901241266812;45.89697426194505;3.7;1;1
80.03706865009762;48.81975425821194;3.7;1;1
80.03706865009762;48.81975425821194;3.7;1;1
80.03706865009762;48.81975425821194;3.7;1;1
80.03706865009762;48.81975425821194;3.7;1;1
80.03706865009762;48.81975425821194;3.7;1;1
80.03706865009762;48.81975425821194;3.7;1;1
91.90490671297286;57.66837509365885;3.7;1;1
91.90490671297286;57.66837509365885;3.7;1;1
91.90490671297286;57.66837509365885;3.7;1;1
91.90490671297286;57.66837509365885;3.7;1;1
91.90490671297286;57.66837509365885;3.7;1;1
91.90490671297286;57.66837509365885;3.7;1;1
90.50775095869919;51.051983181576;3.7;1;1
90.50775095869919;51.051983181576;3.7;1;1
90.50775095869919;51.051983181576;3.7;1;1
90.50775095869919;51.051983181576;3.7;1;1
90.50775095869919;51.051983181576;3.7;1;1
90.50775095869919;51.051983181576;3.7;1;1
84.37307266652518;51.80676889543179;3.7;1;1
84.37307266652518;51.80676889543179;3.7;1;1
84.37307266652518;51.80676889543179;3.7;1;1
84.37307266652518;51.80676889543179;3.7;1;1
84.37307266652518;51.80676889543179;3.7;1;1
84.37307266652518;51.80676889543179;3.7;1;1
71.35335036773108;40.38645814926878;3.7;1;1
71.35335036773108;40.38645814926878;3.7;1;1
71.35335036773108;40.38645814926878;3.7;1;1
71.35335036773108;40.38645814926878;3.7;1;1
71.35335036773108;40.38645814926878;3.7;1;1
71.35335036773108;40.38645814926878;3.7;1;1
73.16180772861229;41.57279615437626;3.7;1;1
73.16180772861229;41.57279615437626;3.7;1;1
73.16180772861229;41.57279615437626;3.7;1;1
73.16180772861229;41.57279615437626;3.7;1;1
73.16180772861229;41.57279615437626;3.7;1;1
73.16180772861229;41.57279615437626;3.7;1;1
72.26480524829455;43.14976438305708;3.7;1;1
72.26480524829455;43.14976438305708;3.7;1;1
72.26480524829455;43.14976438305708;3.7;1;1
72.26480524829455;43.14976438305708;3.7;1;1
72.26480524829455;43.14976438305708;3.7;1;1
72.26480524829455;43.14976438305708;3.7;1;1
74.94133553700499;42.16597271856749;3.7;1;1
74.94133553700499;42.16597271856749;3.7;1;1
74.94133553700499;42.16597271856749;3.7;1;1
74.94133553700499;42.16597271856749;3.7;1;1
74.94133553700499;42.16597271856749;3.7;1;1
74.94133553700499;42.16597271856749;3.7;1;1
74.17454092045402;40.21284450665176;3.7;1;1
74.17454092045402;40.21284450665176;3.7;1;1
74.17454092045402;40.21284450665176;3.7;1;1
74.17454092045402;40.21284450665176;3.7;1;1
74.17454092045402;40.21284450665176;3.7;1;1
74.17454092045402;40.21284450665176;3.7;1;1
68.77809830706468;40.58900426707991;3.7;1;1
68.77809830706468;40.58900426707991;3.7;1;1
68.77809830706468;40.58900426707991;3.7;1;1
68.77809830706468;40.58900426707991;3.7;1;1
68.77809830706468;40.58900426707991;3.7;1;1
68.77809830706468;40.58900426707991;3.7;1;1
69.5014862186226;39.11330704005545;3.7;1;1
69.5014862186226;39.11330704005545;3.7;1;1
69.5014862186226;39.11330704005545;3.7;1;1
69.5014862186226;39.11330704005545;3.7;1;1
69.5014862186226;39.11330704005545;3.7;1;1
69.5014862186226;39.11330704005545;3.7;1;1
70.52868414502723;37.75334883190929;3.7;1;1
70.52868414502723;37.75334883190929;3.7;1;1
70.52868414502723;37.75334883190929;3.7;1;1
70.52868414502723;37.75334883190929;3.7;1;1
70.52868414502723;37.75334883190929;3.7;1;1
70.52868414502723;37.75334883190929;3.7;1;1
67.73642314492079;37.72441012944272;3.7;1;1
67.73642314492079;37.72441012944272;3.7;1;1
67.73642314492079;37.72441012944272;3.7;1;1
67.73642314492079;37.72441012944272;3.7;1;1
67.73642314492079;37.72441012944272;3.7;1;1
67.73642314492079;37.72441012944272;3.7;1;1
47.60168996079743;41.42938427682186;3.7;1;1
47.60168996079743;41.42938427682186;3.7;1;1
47.60168996079743;41.42938427682186;3.7;1;1
47.60168996079743;41.42938427682186;3.7;1;1
47.60168996079743;41.42938427682186;3.7;1;1
47.60168996079743;41.42938427682186;3.7;1;1
48.90344723893744;39.54907662215102;3.7;1;1
48.90344723893744;39.54907662215102;3.7;1;1
48.90344723893744;39.54907662215102;3.7;1;1
48.90344723893744;39.54907662215102;3.7;1;1
48.90344723893744;39.54907662215102;3.7;1;1
48.90344723893744;39.54907662215102;3.7;1;1
50.71144764419689;37.19146062958322;3.7;1;1
50.71144764419689;37.19146062958322;3.7;1;1
50.71144764419689;37.19146062958322;3.7;1;1
50.71144764419689;37.19146062958322;3.7;1;1
50.71144764419689;37.19146062958322;3.7;1;1
50.71144764419689;37.19146062958322;3.7;1;1
52.62068919092562;34.55902648818565;3.7;1;1
52.62068919092562;34.55902648818565;3.7;1;1
52.62068919092562;34.55902648818565;3.7;1;1
52.62068919092562;34.55902648818565;3.7;1;1
52.62068919092562;34.55902648818565;3.7;1;1
52.62068919092562;34.55902648818565;3.7;1;1
54.55887270795385;36.22237694025887;3.7;1;1
54.55887270795385;36.22237694025887;3.7;1;1
54.55887270795385;36.22237694025887;3.7;1;1
54.55887270795385;36.22237694025887;3.7;1;1
54.55887270795385;36.22237694025887;3.7;1;1
54.55887270795385;36.22237694025887;3.7;1;1
52.83764879283607;38.9415987221311;3.7;1;1
52.83764879283607;38.9415987221311;3.7;1;1
52.83764879283607;38.9415987221311;3.7;1;1
52.83764879283607;38.9415987221311;3.7;1;1
52.83764879283607;38.9415987221311;3.7;1;1
52.83764879283607;38.9415987221311;3.7;1;1
51.29001469448283;41.08226829736373;3.7;1;1
51.29001469448283;41.08226829736373;3.7;1;1
51.29001469448283;41.08226829736373;3.7;1;1
51.29001469448283;41.08226829736373;3.7;1;1
51.29001469448283;41.08226829736373;3.7;1;1
51.29001469448283;41.08226829736373;3.7;1;1
49.82914466858865;42.89026122133566;3.7;1;1
49.82914466858865;42.89026122133566;3.7;1;1
49.82914466858865;42.89026122133566;3.7;1;1
49.82914466858865;42.89026122133566;3.7;1;1
49.82914466858865;42.89026122133566;3.7;1;1
49.82914466858865;42.89026122133566;3.7;1;1
52.38927718876964;44.26433418055286;3.7;1;1
52.38927718876964;44.26433418055286;3.7;1;1
52.38927718876964;44.26433418055286;3.7;1;1
52.38927718876964;44.26433418055286;3.7;1;1
52.38927718876964;44.26433418055286;3.7;1;1
52.38927718876964;44.26433418055286;3.7;1;1
53.67658206666263;42.65883822604722;3.7;1;1
53.67658206666263;42.65883822604722;3.7;1;1
53.67658206666263;42.65883822604722;3.7;1;1
53.67658206666263;42.65883822604722;3.7;1;1
53.67658206666263;42.65883822604722;3.7;1;1
53.67658206666263;42.65883822604722;3.7;1;1
55.55689406076977;39.7949860922574;3.7;1;1
55.55689406076977;39.7949860922574;3.7;1;1
55.55689406076977;39.7949860922574;3.7;1;1
55.55689406076977;39.7949860922574;3.7;1;1
55.55689406076977;39.7949860922574;3.7;1;1
55.55689406076977;39.7949860922574;3.7;1;1
57.16241201635802;37.30719075316636;3.7;1;1
57.16241201635802;37.30719075316636;3.7;1;1
57.16241201635802;37.30719075316636;3.7;1;1
57.16241201635802;37.30719075316636;3.7;1;1
57.16241201635802;37.30719075316636;3.7;1;1
57.16241201635802;37.30719075316636;3.7;1;1
65.14654575242649;33.61888728227947;3.7;1;1
65.14654575242649;33.61888728227947;3.7;1;1
65.14654575242649;33.61888728227947;3.7;1;1
65.14654575242649;33.61888728227947;3.7;1;1
65.14654575242649;33.61888728227947;3.7;1;1
65.14654575242649;33.61888728227947;3.7;1;1
62.89016149202446;36.45380938750576;3.7;1;1
62.89016149202446;36.45380938750576;3.7;1;1
62.89016149202446;36.45380938750576;3.7;1;1
62.89016149202446;36.45380938750576;3.7;1;1
62.89016149202446;36.45380938750576;3.7;1;1
62.89016149202446;36.45380938750576;3.7;1;1
62.93354352825414;44.46683070511293;3.7;1;1
62.93354352825414;44.46683070511293;3.7;1;1
62.93354352825414;44.46683070511293;3.7;1;1
62.93354352825414;44.46683070511293;3.7;1;1
62.93354352825414;44.46683070511293;3.7;1;1
62.93354352825414;44.46683070511293;3.7;1;1
61.32803790685221;47.15712012354811;3.7;1;1
61.32803790685221;47.15712012354811;3.7;1;1
61.32803790685221;47.15712012354811;3.7;1;1
61.32803790685221;47.15712012354811;3.7;1;1
61.32803790685221;47.15712012354811;3.7;1;1
61.32803790685221;47.15712012354811;3.7;1;1
61.92106969183065;51.06237779444611;3.7;1;1
61.92106969183065;51.06237779444611;3.7;1;1
61.92106969183065;51.06237779444611;3.7;1;1
61.92106969183065;51.06237779444611;3.7;1;1
61.92106969183065;51.06237779444611;3.7;1;1
61.92106969183065;51.06237779444611;3.7;1;1
65.59492960757588;50.15114849163961;3.7;1;1
65.59492960757588;50.15114849163961;3.7;1;1
65.59492960757588;50.15114849163961;3.7;1;1
65.59492960757588;50.15114849163961;3.7;1;1
65.59492960757588;50.15114849163961;3.7;1;1
65.59492960757588;50.15114849163961;3.7;1;1
67.59095997875227;47.6055011001969;3.7;1;1
67.59095997875227;47.6055011001969;3.7;1;1
67.59095997875227;47.6055011001969;3.7;1;1
67.59095997875227;47.6055011001969;3.7;1;1
67.59095997875227;47.6055011001969;3.7;1;1
67.59095997875227;47.6055011001969;3.7;1;1
66.56400899008824;43.61345945912377;3.7;1;1
66.56400899008824;43.61345945912377;3.7;1;1
66.56400899008824;43.61345945912377;3.7;1;1
66.56400899008824;43.61345945912377;3.7;1;1
66.56400899008824;43.61345945912377;3.7;1;1
66.56400899008824;43.61345945912377;3.7;1;1
44.86473118078872;32.64666856302323;3.7;1;1
44.86473118078872;32.64666856302323;3.7;1;1
44.86473118078872;32.64666856302323;3.7;1;1
44.86473118078872;32.64666856302323;3.7;1;1
44.86473118078872;32.64666856302323;3.7;1;1
44.86473118078872;32.64666856302323;3.7;1;1
43.02636210011453;35.19994581679731;3.7;1;1
43.02636210011453;35.19994581679731;3.7;1;1
43.02636210011453;35.19994581679731;3.7;1;1
43.02636210011453;35.19994581679731;3.7;1;1
43.02636210011453;35.19994581679731;3.7;1;1
43.02636210011453;35.19994581679731;3.7;1;1
44.30300056765717;39.04688797532874;3.7;1;1
44.30300056765717;39.04688797532874;3.7;1;1
44.30300056765717;39.04688797532874;3.7;1;1
44.30300056765717;39.04688797532874;3.7;1;1
44.30300056765717;39.04688797532874;3.7;1;1
44.30300056765717;39.04688797532874;3.7;1;1
47.91165158413938;38.67240803650462;3.7;1;1
47.91165158413938;38.67240803650462;3.7;1;1
47.91165158413938;38.67240803650462;3.7;1;1
47.91165158413938;38.67240803650462;3.7;1;1
47.91165158413938;38.67240803650462;3.7;1;1
47.91165158413938;38.67240803650462;3.7;1;1
49.9372538128391;35.37016890335799;3.7;1;1
49.9372538128391;35.37016890335799;3.7;1;1
49.9372538128391;35.37016890335799;3.7;1;1
49.9372538128391;35.37016890335799;3.7;1;1
49.9372538128391;35.37016890335799;3.7;1;1
49.9372538128391;35.37016890335799;3.7;1;1
49.01807860657131;31.77855631624649;3.7;1;1
49.01807860657131;31.77855631624649;3.7;1;1
49.01807860657131;31.77855631624649;3.7;1;1
49.01807860657131;31.77855631624649;3.7;1;1
49.01807860657131;31.77855631624649;3.7;1;1
49.01807860657131;31.77855631624649;3.7;1;1
37.05878865440736;23.59174933646169;3.7;1;1
37.05878865440736;23.59174933646169;3.7;1;1
37.05878865440736;23.59174933646169;3.7;1;1
37.05878865440736;23.59174933646169;3.7;1;1
37.05878865440736;23.59174933646169;3.7;1;1
37.05878865440736;23.59174933646169;3.7;1;1
33.28578744302876;24.12662373193642;3.7;1;1
33.28578744302876;24.12662373193642;3.7;1;1
33.28578744302876;24.12662373193642;3.7;1;1
33.28578744302876;24.12662373193642;3.7;1;1
33.28578744302876;24.12662373193642;3.7;1;1
33.28578744302876;24.12662373193642;3.7;1;1
31.50770492463365;27.01781202588016;3.7;1;1
31.50770492463365;27.01781202588016;3.7;1;1
31.50770492463365;27.01781202588016;3.7;1;1
31.50770492463365;27.01781202588016;3.7;1;1
31.50770492463365;27.01781202588016;3.7;1;1
31.50770492463365;27.01781202588016;3.7;1;1
32.31723918929798;30.87753081600431;3.7;1;1
32.31723918929798;30.87753081600431;3.7;1;1
32.31723918929798;30.87753081600431;3.7;1;1
32.31723918929798;30.87753081600431;3.7;1;1
32.31723918929798;30.87753081600431;3.7;1;1
32.31723918929798;30.87753081600431;3.7;1;1
36.06132934946499;29.93790377425898;3.7;1;1
36.06132934946499;29.93790377425898;3.7;1;1
36.06132934946499;29.93790377425898;3.7;1;1
36.06132934946499;29.93790377425898;3.7;1;1
36.06132934946499;29.93790377425898;3.7;1;1
36.06132934946499;29.93790377425898;3.7;1;1
37.95506232250084;27.00334723405151;3.7;1;1
37.95506232250084;27.00334723405151;3.7;1;1
37.95506232250084;27.00334723405151;3.7;1;1
37.95506232250084;27.00334723405151;3.7;1;1
37.95506232250084;27.00334723405151;3.7;1;1
37.95506232250084;27.00334723405151;3.7;1;1
7.558120207009251;5.49425385514546;3.7;1;1
7.558120207009251;5.49425385514546;3.7;1;1
7.558120207009251;5.49425385514546;3.7;1;1
7.558120207009251;5.49425385514546;3.7;1;1
7.558120207009251;5.49425385514546;3.7;1;1
7.558120207009251;5.49425385514546;3.7;1;1
8.916983192763572;6.535081957025457;3.7;1;1
8.916983192763572;6.535081957025457;3.7;1;1
8.916983192763572;6.535081957025457;3.7;1;1
8.916983192763572;6.535081957025457;3.7;1;1
8.916983192763572;6.535081957025457;3.7;1;1
8.916983192763572;6.535081957025457;3.7;1;1
8.555579511822138;4.063111101180961;3.7;1;1
8.555579511822138;4.063111101180961;3.7;1;1
8.555579511822138;4.063111101180961;3.7;1;1
8.555579511822138;4.063111101180961;3.7;1;1
8.555579511822138;4.063111101180961;3.7;1;1
8.555579511822138;4.063111101180961;3.7;1;1
6.922052248689064;2.950001960522753;3.7;1;1
6.922052248689064;2.950001960522753;3.7;1;1
6.922052248689064;2.950001960522753;3.7;1;1
6.922052248689064;2.950001960522753;3.7;1;1
6.922052248689064;2.950001960522753;3.7;1;1
6.922052248689064;2.950001960522753;3.7;1;1
4.478996804882382;3.21021376661268;3.7;1;1
4.478996804882382;3.21021376661268;3.7;1;1
4.478996804882382;3.21021376661268;3.7;1;1
4.478996804882382;3.21021376661268;3.7;1;1
4.478996804882382;3.21021376661268;3.7;1;1
4.478996804882382;3.21021376661268;3.7;1;1
5.100593777919751;5.49425385514546;3.7;1;1
5.100593777919751;5.49425385514546;3.7;1;1
5.100593777919751;5.49425385514546;3.7;1;1
6.604012018940454;6.853115681381472;3.7;1;1
6.604012018940454;6.853115681381472;3.7;1;1
6.604012018940454;6.853115681381472;3.7;1;1
6.604012018940454;6.853115681381472;3.7;1;1
6.604012018940454;6.853115681381472;3.7;1;1
6.604012018940454;6.853115681381472;3.7;1;1
6.112511733699391;11.08870712666266;3.7;1;1
6.112511733699391;11.08870712666266;3.7;1;1
6.112511733699391;11.08870712666266;3.7;1;1
6.112511733699391;11.08870712666266;3.7;1;1
6.112511733699391;11.08870712666266;3.7;1;1
6.112511733699391;11.08870712666266;3.7;1;1
3.221319372480263;11.98497314957159;3.7;1;1
3.221319372480263;11.98497314957159;3.7;1;1
3.221319372480263;11.98497314957159;3.7;1;1
3.221319372480263;11.98497314957159;3.7;1;1
3.221319372480263;11.98497314957159;3.7;1;1
3.221319372480263;11.98497314957159;3.7;1;1
1.47214790516046;10.61165987444968;3.7;1;1
1.47214790516046;10.61165987444968;3.7;1;1
1.47214790516046;10.61165987444968;3.7;1;1
1.47214790516046;10.61165987444968;3.7;1;1
1.47214790516046;10.61165987444968;3.7;1;1
1.47214790516046;10.61165987444968;3.7;1;1
1.269764297411208;7.56145749810766;3.7;1;1
1.269764297411208;7.56145749810766;3.7;1;1
1.269764297411208;7.56145749810766;3.7;1;1
1.269764297411208;7.56145749810766;3.7;1;1
1.269764297411208;7.56145749810766;3.7;1;1
1.269764297411208;7.56145749810766;3.7;1;1
4.218778677293273;6.751923961448194;3.7;1;1
4.218778677293273;6.751923961448194;3.7;1;1
4.218778677293273;6.751923961448194;3.7;1;1
4.218778677293273;6.751923961448194;3.7;1;1
4.218778677293273;6.751923961448194;3.7;1;1
4.218778677293273;6.751923961448194;3.7;1;1
5.996861279056903;8.052957308996467;3.7;1;1
5.996861279056903;8.052957308996467;3.7;1;1
5.996861279056903;8.052957308996467;3.7;1;1
5.996861279056903;8.052957308996467;3.7;1;1
5.996861279056903;8.052957308996467;3.7;1;1
5.996861279056903;8.052957308996467;3.7;1;1
23.18463059165047;14.25134036118592;3.7;1;1
23.18463059165047;14.25134036118592;3.7;1;1
23.18463059165047;14.25134036118592;3.7;1;1
23.18463059165047;14.25134036118592;3.7;1;1
23.18463059165047;14.25134036118592;3.7;1;1
23.18463059165047;14.25134036118592;3.7;1;1
21.69294718578752;17.07539671977898;3.7;1;1
21.69294718578752;17.07539671977898;3.7;1;1
21.69294718578752;17.07539671977898;3.7;1;1
21.69294718578752;17.07539671977898;3.7;1;1
21.69294718578752;17.07539671977898;3.7;1;1
21.69294718578752;17.07539671977898;3.7;1;1
24.82114102614659;18.85672354349099;3.7;1;1
24.82114102614659;18.85672354349099;3.7;1;1
24.82114102614659;18.85672354349099;3.7;1;1
24.82114102614659;18.85672354349099;3.7;1;1
24.82114102614659;18.85672354349099;3.7;1;1
24.82114102614659;18.85672354349099;3.7;1;1
26.28385770971187;16.51058553732454;3.7;1;1
26.28385770971187;16.51058553732454;3.7;1;1
26.28385770971187;16.51058553732454;3.7;1;1
26.28385770971187;16.51058553732454;3.7;1;1
26.28385770971187;16.51058553732454;3.7;1;1
26.28385770971187;16.51058553732454;3.7;1;1
32.20714129179261;18.37880608087683;3.7;1;1
32.20714129179261;18.37880608087683;3.7;1;1
32.20714129179261;18.37880608087683;3.7;1;1
32.20714129179261;18.37880608087683;3.7;1;1
32.20714129179261;18.37880608087683;3.7;1;1
32.20714129179261;18.37880608087683;3.7;1;1
30.90372253838287;19.8560022160642;3.7;1;1
30.90372253838287;19.8560022160642;3.7;1;1
30.90372253838287;19.8560022160642;3.7;1;1
30.90372253838287;19.8560022160642;3.7;1;1
30.90372253838287;19.8560022160642;3.7;1;1
30.90372253838287;19.8560022160642;3.7;1;1
27.38450990576956;20.46426303927951;3.7;1;1
27.38450990576956;20.46426303927951;3.7;1;1
27.38450990576956;20.46426303927951;3.7;1;1
27.38450990576956;20.46426303927951;3.7;1;1
27.38450990576956;20.46426303927951;3.7;1;1
27.38450990576956;20.46426303927951;3.7;1;1
25.69007236036727;23.23038383895704;3.7;1;1
25.69007236036727;23.23038383895704;3.7;1;1
25.69007236036727;23.23038383895704;3.7;1;1
25.69007236036727;23.23038383895704;3.7;1;1
25.69007236036727;23.23038383895704;3.7;1;1
25.69007236036727;23.23038383895704;3.7;1;1
26.44315572323048;26.87992753733648;3.7;1;1
26.44315572323048;26.87992753733648;3.7;1;1
26.44315572323048;26.87992753733648;3.7;1;1
26.44315572323048;26.87992753733648;3.7;1;1
26.44315572323048;26.87992753733648;3.7;1;1
26.44315572323048;26.87992753733648;3.7;1;1
30.22304960629086;25.92408738640518;3.7;1;1
30.22304960629086;25.92408738640518;3.7;1;1
30.22304960629086;25.92408738640518;3.7;1;1
30.22304960629086;25.92408738640518;3.7;1;1
30.22304960629086;25.92408738640518;3.7;1;1
30.22304960629086;25.92408738640518;3.7;1;1
31.71473301228472;23.33175447131442;3.7;1;1
31.71473301228472;23.33175447131442;3.7;1;1
31.71473301228472;23.33175447131442;3.7;1;1
31.71473301228472;23.33175447131442;3.7;1;1
31.71473301228472;23.33175447131442;3.7;1;1
31.71473301228472;23.33175447131442;3.7;1;1
60.19318770833144;40.48324888513732;3.7;1;1
60.19318770833144;40.48324888513732;3.7;1;1
60.19318770833144;40.48324888513732;3.7;1;1
60.19318770833144;40.48324888513732;3.7;1;1
60.19318770833144;40.48324888513732;3.7;1;1
60.19318770833144;40.48324888513732;3.7;1;1
56.65677427441548;41.0751779527917;3.7;1;1
56.65677427441548;41.0751779527917;3.7;1;1
56.65677427441548;41.0751779527917;3.7;1;1
56.65677427441548;41.0751779527917;3.7;1;1
56.65677427441548;41.0751779527917;3.7;1;1
56.65677427441548;41.0751779527917;3.7;1;1
55.24524012617361;43.41254390352211;3.7;1;1
55.24524012617361;43.41254390352211;3.7;1;1
55.24524012617361;43.41254390352211;3.7;1;1
55.24524012617361;43.41254390352211;3.7;1;1
55.24524012617361;43.41254390352211;3.7;1;1
55.24524012617361;43.41254390352211;3.7;1;1
56.09519192383493;46.73646104287054;3.7;1;1
56.09519192383493;46.73646104287054;3.7;1;1
56.09519192383493;46.73646104287054;3.7;1;1
56.09519192383493;46.73646104287054;3.7;1;1
56.09519192383493;46.73646104287054;3.7;1;1
56.09519192383493;46.73646104287054;3.7;1;1
59.6619802005206;46.15971052677392;3.7;1;1
59.6619802005206;46.15971052677392;3.7;1;1
59.6619802005206;46.15971052677392;3.7;1;1
59.6619802005206;46.15971052677392;3.7;1;1
59.6619802005206;46.15971052677392;3.7;1;1
59.6619802005206;46.15971052677392;3.7;1;1
61.43777760714697;43.85269534366609;3.7;1;1
61.43777760714697;43.85269534366609;3.7;1;1
61.43777760714697;43.85269534366609;3.7;1;1
61.43777760714697;43.85269534366609;3.7;1;1
61.43777760714697;43.85269534366609;3.7;1;1
61.43777760714697;43.85269534366609;3.7;1;1
